-- phpMyAdmin SQL Dump
-- version 5.2.0
-- https://www.phpmyadmin.net/
--
-- Hôte : 127.0.0.1:3307
-- Généré le : ven. 20 sep. 2024 à 07:01
-- Version du serveur : 10.4.13-MariaDB
-- Version de PHP : 8.0.22

SET SQL_MODE = "NO_AUTO_VALUE_ON_ZERO";
START TRANSACTION;
SET time_zone = "+00:00";


/*!40101 SET @OLD_CHARACTER_SET_CLIENT=@@CHARACTER_SET_CLIENT */;
/*!40101 SET @OLD_CHARACTER_SET_RESULTS=@@CHARACTER_SET_RESULTS */;
/*!40101 SET @OLD_COLLATION_CONNECTION=@@COLLATION_CONNECTION */;
/*!40101 SET NAMES utf8mb4 */;

--
-- Base de données : `db_harry_potter`
--

DELIMITER $$
--
-- Procédures
--
DROP PROCEDURE IF EXISTS `get_house_name_by_student_id`$$
CREATE DEFINER=`root`@`localhost` PROCEDURE `get_house_name_by_student_id` (IN `v_student_id` INT, OUT `v_house_name` VARCHAR(255))   BEGIN
    SELECT house.house_name INTO v_house_name
    FROM student
    INNER JOIN house ON house.id = student.house_id
    WHERE student.id = v_student_id;
END$$

DROP PROCEDURE IF EXISTS `get_number_of_class_by_subject_id`$$
CREATE DEFINER=`root`@`localhost` PROCEDURE `get_number_of_class_by_subject_id` (IN `v_subject_id` INT)   BEGIN
        SELECT subject.subject_name,
               COUNT(type_of_class.id) AS 'Total'
        FROM subject
        JOIN type_of_class on subject.id = type_of_class.subject_id
        WHERE subject.id = v_subject_id;
END$$

DELIMITER ;

-- --------------------------------------------------------

--
-- Structure de la table `house`
--

DROP TABLE IF EXISTS `house`;
CREATE TABLE IF NOT EXISTS `house` (
  `id` int(11) NOT NULL AUTO_INCREMENT,
  `house_name` varchar(255) COLLATE utf8mb4_unicode_ci NOT NULL,
  `founder_first_name` varchar(255) COLLATE utf8mb4_unicode_ci NOT NULL,
  `founder_last_name` varchar(255) COLLATE utf8mb4_unicode_ci NOT NULL,
  PRIMARY KEY (`id`)
) ENGINE=InnoDB AUTO_INCREMENT=8 DEFAULT CHARSET=utf8mb4 COLLATE=utf8mb4_unicode_ci;

--
-- Déchargement des données de la table `house`
--

INSERT INTO `house` (`id`, `house_name`, `founder_first_name`, `founder_last_name`) VALUES
(1, 'Gryffondor', 'Godric', 'Gryffondor'),
(3, 'Serpentard', 'Salazar', 'Serpentard'),
(4, 'Poufsouffle', 'Helga', 'Poufsouffle'),
(5, 'Serdaigle', 'Rowena', 'Serdaigle'),
(6, 'Inconnu', 'Inconnu', 'Inconnu');

--
-- Déclencheurs `house`
--
DROP TRIGGER IF EXISTS `house_after_update`;
DELIMITER $$
CREATE TRIGGER `house_after_update` AFTER UPDATE ON `house` FOR EACH ROW BEGIN
    INSERT INTO house_history
    VALUES (null, OLD.house_name, OLD.founder_first_name, OLD.founder_last_name);
END
$$
DELIMITER ;
DROP TRIGGER IF EXISTS `replace_all_name`;
DELIMITER $$
CREATE TRIGGER `replace_all_name` AFTER INSERT ON `house` FOR EACH ROW BEGIN
	IF NEW.house_name = "Loul" THEN
    	SIGNAL SQLSTATE '45000'
        SET MESSAGE_TEXT = "La maison Loul est interdite !";
    END IF;
END
$$
DELIMITER ;
DROP TRIGGER IF EXISTS `update_archiver`;
DELIMITER $$
CREATE TRIGGER `update_archiver` BEFORE UPDATE ON `house` FOR EACH ROW BEGIN

INSERT INTO house_history                 
VALUES
(  
    	  OLD.id,
          OLD.house_name,
          OLD.founder_first_name,
          OLD.founder_last_name
);
				
END
$$
DELIMITER ;

-- --------------------------------------------------------

--
-- Structure de la table `house_history`
--

DROP TABLE IF EXISTS `house_history`;
CREATE TABLE IF NOT EXISTS `house_history` (
  `id` int(11) NOT NULL AUTO_INCREMENT,
  `old_house_name` varchar(255) NOT NULL,
  `old_founder_first_name` varchar(255) NOT NULL,
  `old_founder_last_name` varchar(255) NOT NULL,
  PRIMARY KEY (`id`)
) ENGINE=InnoDB DEFAULT CHARSET=utf8;

-- --------------------------------------------------------

--
-- Structure de la table `house_point`
--

DROP TABLE IF EXISTS `house_point`;
CREATE TABLE IF NOT EXISTS `house_point` (
  `id` int(11) NOT NULL AUTO_INCREMENT,
  `house_id` int(11) NOT NULL,
  `year` int(11) NOT NULL,
  `total_point` int(11) NOT NULL,
  PRIMARY KEY (`id`),
  KEY `IDX_6C4654DC6BB74515` (`house_id`)
) ENGINE=InnoDB AUTO_INCREMENT=376 DEFAULT CHARSET=utf8mb4 COLLATE=utf8mb4_unicode_ci;

--
-- Déchargement des données de la table `house_point`
--

INSERT INTO `house_point` (`id`, `house_id`, `year`, `total_point`) VALUES
(251, 1, 2023, 1824),
(252, 1, 2022, 4986),
(253, 1, 2021, 4224),
(254, 1, 2020, 2080),
(255, 1, 2019, 9873),
(256, 1, 2018, 9351),
(257, 1, 2017, 5286),
(258, 1, 2016, 6209),
(259, 1, 2015, 4720),
(260, 1, 2014, 2165),
(261, 1, 2013, 6987),
(262, 1, 2012, 3696),
(263, 1, 2011, 1049),
(264, 1, 2010, 2413),
(265, 1, 2009, 3059),
(266, 1, 2008, 3360),
(267, 1, 2007, 9882),
(268, 1, 2006, 3865),
(269, 1, 2005, 5000),
(270, 1, 2004, 5000),
(271, 1, 2003, 5000),
(272, 1, 2002, 5000),
(273, 1, 2001, 5000),
(274, 1, 2000, 5000),
(275, 1, 1999, 5000),
(276, 3, 2023, 2704),
(277, 3, 2022, 5964),
(278, 3, 2021, 5033),
(279, 3, 2020, 6962),
(280, 3, 2019, 4563),
(281, 3, 2018, 3948),
(282, 3, 2017, 5186),
(283, 3, 2016, 8365),
(284, 3, 2015, 9870),
(285, 3, 2014, 9079),
(286, 3, 2013, 2106),
(287, 3, 2012, 2265),
(288, 3, 2011, 1779),
(289, 3, 2010, 2600),
(290, 3, 2009, 5470),
(291, 3, 2008, 8207),
(292, 3, 2007, 6249),
(293, 3, 2006, 9909),
(294, 3, 2005, 5000),
(295, 3, 2004, 5000),
(296, 3, 2003, 5000),
(297, 3, 2002, 5000),
(298, 3, 2001, 5000),
(299, 3, 2000, 5000),
(300, 3, 1999, 5000),
(301, 4, 2023, 9646),
(302, 4, 2022, 4409),
(303, 4, 2021, 1615),
(304, 4, 2020, 7199),
(305, 4, 2019, 5239),
(306, 4, 2018, 2973),
(307, 4, 2017, 1249),
(308, 4, 2016, 3318),
(309, 4, 2015, 2370),
(310, 4, 2014, 3916),
(311, 4, 2013, 1351),
(312, 4, 2012, 4660),
(313, 4, 2011, 1746),
(314, 4, 2010, 4790),
(315, 4, 2009, 9455),
(316, 4, 2008, 7423),
(317, 4, 2007, 5971),
(318, 4, 2006, 7678),
(319, 4, 2005, 5000),
(320, 4, 2004, 5000),
(321, 4, 2003, 5000),
(322, 4, 2002, 5000),
(323, 4, 2001, 5000),
(324, 4, 2000, 5000),
(325, 4, 1999, 5000),
(326, 5, 2023, 5184),
(327, 5, 2022, 7922),
(328, 5, 2021, 4954),
(329, 5, 2020, 1970),
(330, 5, 2019, 1144),
(331, 5, 2018, 6683),
(332, 5, 2017, 6981),
(333, 5, 2016, 2689),
(334, 5, 2015, 1097),
(335, 5, 2014, 6118),
(336, 5, 2013, 3865),
(337, 5, 2012, 9394),
(338, 5, 2011, 8229),
(339, 5, 2010, 4993),
(340, 5, 2009, 1097),
(341, 5, 2008, 3820),
(342, 5, 2007, 8161),
(343, 5, 2006, 8021),
(344, 5, 2005, 5000),
(345, 5, 2004, 5000),
(346, 5, 2003, 5000),
(347, 5, 2002, 5000),
(348, 5, 2001, 5000),
(349, 5, 2000, 5000),
(350, 5, 1999, 5000),
(351, 6, 2023, 4254),
(352, 6, 2022, 8259),
(353, 6, 2021, 8721),
(354, 6, 2020, 1506),
(355, 6, 2019, 7579),
(356, 6, 2018, 3341),
(357, 6, 2017, 1909),
(358, 6, 2016, 2895),
(359, 6, 2015, 6332),
(360, 6, 2014, 9272),
(361, 6, 2013, 6785),
(362, 6, 2012, 2916),
(363, 6, 2011, 4941),
(364, 6, 2010, 9572),
(365, 6, 2009, 7576),
(366, 6, 2008, 8149),
(367, 6, 2007, 7390),
(368, 6, 2006, 5192),
(369, 6, 2005, 5000),
(370, 6, 2004, 5000),
(371, 6, 2003, 5000),
(372, 6, 2002, 5000),
(373, 6, 2001, 5000),
(374, 6, 2000, 5000),
(375, 6, 1999, 5000);

-- --------------------------------------------------------

--
-- Structure de la table `offense`
--

DROP TABLE IF EXISTS `offense`;
CREATE TABLE IF NOT EXISTS `offense` (
  `id` int(11) NOT NULL AUTO_INCREMENT,
  `label` varchar(255) NOT NULL,
  PRIMARY KEY (`id`)
) ENGINE=InnoDB AUTO_INCREMENT=4 DEFAULT CHARSET=utf8;

--
-- Déchargement des données de la table `offense`
--

INSERT INTO `offense` (`id`, `label`) VALUES
(1, 'Perturbe le cours'),
(2, 'Triche'),
(3, 'Abuse de la magie');

-- --------------------------------------------------------

--
-- Structure de la table `offense_list`
--

DROP TABLE IF EXISTS `offense_list`;
CREATE TABLE IF NOT EXISTS `offense_list` (
  `id` int(11) NOT NULL AUTO_INCREMENT,
  `created_at` datetime DEFAULT NULL,
  `offense_seriousness` int(11) DEFAULT NULL CHECK (`offense_seriousness` between 1 and 5),
  `student_id` int(11) NOT NULL,
  `offense_id` int(11) NOT NULL,
  PRIMARY KEY (`id`),
  KEY `student_id` (`student_id`),
  KEY `offense_id` (`offense_id`)
) ENGINE=InnoDB AUTO_INCREMENT=11 DEFAULT CHARSET=utf8;

--
-- Déchargement des données de la table `offense_list`
--

INSERT INTO `offense_list` (`id`, `created_at`, `offense_seriousness`, `student_id`, `offense_id`) VALUES
(1, '2023-07-12 11:42:27', 5, 915, 1),
(2, '2023-07-12 11:42:27', 1, 916, 3),
(3, '2023-07-12 11:42:27', 2, 917, 2),
(4, '2023-07-12 11:42:27', 3, 918, 1),
(5, '2023-07-12 11:42:27', 4, 919, 3),
(6, '2023-07-12 14:55:17', 5, 915, 2),
(7, '2023-07-12 14:55:17', 5, 916, 2),
(8, '2023-07-12 14:55:17', 5, 917, 2),
(9, '2023-07-12 14:55:17', 5, 921, 2),
(10, '2023-07-12 14:55:17', 5, 923, 2);

-- --------------------------------------------------------

--
-- Structure de la table `student`
--

DROP TABLE IF EXISTS `student`;
CREATE TABLE IF NOT EXISTS `student` (
  `id` int(11) NOT NULL AUTO_INCREMENT,
  `house_id` int(11) NOT NULL,
  `year_of_birth` int(11) NOT NULL,
  `name` varchar(255) COLLATE utf8mb4_unicode_ci NOT NULL,
  `is_alive` tinyint(1) NOT NULL,
  PRIMARY KEY (`id`),
  KEY `IDX_B723AF336BB74515` (`house_id`)
) ENGINE=InnoDB AUTO_INCREMENT=1017 DEFAULT CHARSET=utf8mb4 COLLATE=utf8mb4_unicode_ci;

--
-- Déchargement des données de la table `student`
--

INSERT INTO `student` (`id`, `house_id`, `year_of_birth`, `name`, `is_alive`) VALUES
(915, 1, 1980, 'Harry Potter', 1),
(916, 1, 1979, 'Hermione Granger', 1),
(917, 1, 1980, 'Ron Weasley', 1),
(918, 3, 1980, 'Draco Malfoy', 1),
(919, 4, 1977, 'Cedric Diggory', 0),
(920, 5, 1979, 'Cho Chang', 1),
(921, 1, 1980, 'Neville Longbottom', 1),
(922, 5, 1981, 'Luna Lovegood', 1),
(923, 1, 1981, 'Ginny Weasley', 1),
(924, 3, 1900, 'Vincent Crabbe', 0),
(925, 3, 1900, 'Gregory Goyle', 1),
(926, 1, 1900, 'Percy Weasley', 1),
(927, 1, 1900, 'Fred Weasley', 0),
(928, 1, 1900, 'George Weasley', 1),
(929, 1, 1900, 'Lee Jordan', 1),
(930, 4, 1900, 'Hannah Abbott', 1),
(931, 4, 1900, 'Susan Bones', 1),
(932, 5, 1900, 'Terry Boot', 1),
(933, 5, 1900, 'Mandy Brocklehurst', 1),
(934, 1, 1900, 'Lavender Brown', 1),
(935, 3, 1900, 'Millicent Bulstrode', 1),
(936, 4, 1900, 'Justin Finch-Fletchley', 1),
(937, 1, 1900, 'Seamus Finnegan', 1),
(938, 6, 1900, 'Morag MacDougal', 1),
(939, 6, 1954, 'super etudiant', 1),
(940, 3, 1900, 'Theodore Nott', 1),
(941, 3, 1900, 'Pansy Parkinson', 1),
(942, 1, 1900, 'Parvati Patil', 1),
(943, 5, 1900, 'Padma Patil', 1),
(944, 6, 1900, 'Sally-Anne Perks', 1),
(945, 5, 1900, 'Lisa Turpin', 1),
(946, 3, 1900, 'Blaise Zabini', 1),
(947, 6, 1900, 'Oliver Wood', 1),
(948, 1, 1900, 'Angelina Johnson', 1),
(949, 3, 1900, 'Marcus Flint', 1),
(950, 1, 1900, 'Alicia Spinet', 1),
(951, 1, 1900, 'Katie Bell', 1),
(952, 3, 1900, 'Adrian Pucey', 1),
(953, 3, 1900, 'Miles Bletchley', 1),
(954, 3, 1900, 'Terrence Higgs', 1),
(955, 1, 1900, 'Colin Creevey', 0),
(956, 3, 1900, 'Milicent Bullstroude', 1),
(957, 4, 1900, 'Ernie Macmillan', 1),
(958, 5, 1900, 'Penelope Clearwater', 1),
(959, 6, 1900, 'Derek', 1),
(960, 3, 1900, 'Cassius Warrington', 1),
(961, 3, 1900, 'Graham Montague', 1),
(962, 3, 1900, 'Peregrine Derrick', 1),
(963, 3, 1900, 'Lucian Bole', 1),
(964, 6, 1900, 'Dennis Creevey', 1),
(965, 5, 1900, 'Stewart Ackerley', 1),
(966, 3, 1900, 'Malcolm Baddock', 1),
(967, 4, 1900, 'Eleanor Branstone', 1),
(968, 4, 1900, 'Owen Cauldwell', 1),
(969, 6, 1900, 'Emma Dobbs', 1),
(970, 4, 1900, 'Laura Madley', 1),
(971, 1, 1900, 'Natalie McDonald', 1),
(972, 3, 1900, 'Graham Pritchard', 1),
(973, 5, 1900, 'Orla Quirke', 1),
(974, 4, 1900, 'Kevin Whitby', 1),
(975, 1, 1900, 'Eloise Midgen', 1),
(976, 5, 1900, 'Fawcett', 1),
(977, 4, 1900, 'Summers', 1),
(978, 5, 1900, 'Stebbins', 1),
(979, 5, 1900, 'Anthony Goldstein', 1),
(980, 1, 1900, 'Euan Abercrombie', 1),
(981, 4, 1900, 'Rose Zeller', 1),
(982, 6, 1900, 'Patricia Stimpson', 1),
(983, 1, 1900, 'Kenneth Towler', 1),
(984, 1, 1900, 'Vicky Frobisher', 1),
(985, 1, 1900, 'Geoffrey Hooper', 1),
(986, 5, 1900, 'Michael Corner', 1),
(987, 5, 1900, 'Zacharias Smith', 1),
(988, 6, 1900, 'Barnabas the Barmy', 0),
(989, 1, 1900, 'Andrew Kirke', 1),
(990, 1, 1900, 'Jack Sloper', 1),
(991, 4, 1900, 'Summerby', 1),
(992, 5, 1900, 'Marietta Edgecombe', 1),
(993, 5, 1900, 'Bradley', 1),
(994, 5, 1900, 'Roger Davies', 1),
(995, 5, 1900, 'Eddie Carmichael', 1),
(996, 3, 1900, 'Daphne Greengrass', 1),
(997, 1, 1900, 'Romilda Vane', 1),
(998, 1, 1900, 'Cormac McLaggen', 1),
(999, 5, 1900, 'Marcus Belby', 1),
(1000, 6, 1900, 'Tiberius', 0),
(1001, 1, 1900, 'Demelza Robins', 1),
(1002, 1, 1900, 'Jimmy Peakes', 1),
(1003, 1, 1900, 'Ritchie Coote', 1),
(1004, 6, 1900, 'Melinda Bobbin', 1),
(1005, 4, 1900, 'Leanne', 1),
(1006, 3, 1900, 'Vaisey', 1),
(1007, 3, 1900, 'Harper', 1),
(1008, 3, 1900, 'Urquhart', 1),
(1009, 4, 1900, 'Cadwallader', 1),
(1010, 1, 1900, 'James Potter', 1),
(1011, 3, 1900, 'Albus Severus Potter', 1),
(1012, 1, 1900, 'Rose Weasley', 1),
(1013, 6, 1900, 'Hugo Weasley', 1),
(1014, 3, 1900, 'Scorpius Malfoy', 1),
(1015, 6, 1900, 'Victoire Weasley', 1),
(1016, 1, 1900, 'Kevin Tourret', 1);

-- --------------------------------------------------------

--
-- Structure de la table `student_type_of_class`
--

DROP TABLE IF EXISTS `student_type_of_class`;
CREATE TABLE IF NOT EXISTS `student_type_of_class` (
  `student_id` int(11) NOT NULL,
  `type_of_class_id` int(11) NOT NULL,
  PRIMARY KEY (`student_id`,`type_of_class_id`),
  KEY `IDX_CA5D9F63CB944F1A` (`student_id`),
  KEY `IDX_CA5D9F631D822A6A` (`type_of_class_id`)
) ENGINE=InnoDB DEFAULT CHARSET=utf8mb4 COLLATE=utf8mb4_unicode_ci;

--
-- Déchargement des données de la table `student_type_of_class`
--

INSERT INTO `student_type_of_class` (`student_id`, `type_of_class_id`) VALUES
(915, 403),
(915, 406),
(915, 410),
(915, 411),
(915, 412),
(915, 414),
(915, 415),
(915, 416),
(915, 418),
(915, 422),
(915, 424),
(915, 426),
(915, 427),
(915, 428),
(915, 430),
(915, 435),
(915, 436),
(915, 437),
(915, 442),
(915, 444),
(915, 446),
(915, 447),
(915, 450),
(915, 452),
(915, 453),
(915, 454),
(915, 455),
(915, 461),
(915, 462),
(915, 467),
(915, 469),
(915, 471),
(915, 472),
(915, 475),
(915, 476),
(915, 477),
(915, 479),
(915, 480),
(915, 482),
(915, 487),
(915, 489),
(915, 491),
(915, 492),
(915, 493),
(915, 494),
(915, 495),
(915, 496),
(915, 497),
(915, 499),
(915, 500),
(915, 502),
(915, 503),
(915, 505),
(915, 506),
(915, 509),
(915, 510),
(915, 512),
(915, 513),
(915, 514),
(915, 515),
(915, 523),
(915, 524),
(915, 525),
(915, 526),
(915, 528),
(915, 530),
(915, 532),
(915, 534),
(915, 535),
(915, 538),
(915, 539),
(915, 541),
(915, 546),
(915, 548),
(915, 551),
(915, 552),
(915, 553),
(915, 561),
(915, 564),
(915, 565),
(915, 566),
(915, 567),
(915, 569),
(915, 572),
(915, 573),
(915, 577),
(915, 579),
(915, 580),
(915, 581),
(915, 582),
(915, 583),
(915, 584),
(915, 586),
(915, 587),
(915, 588),
(915, 591),
(915, 592),
(915, 595),
(915, 596),
(915, 600),
(916, 402),
(916, 404),
(916, 405),
(916, 408),
(916, 411),
(916, 413),
(916, 415),
(916, 420),
(916, 422),
(916, 429),
(916, 431),
(916, 432),
(916, 433),
(916, 435),
(916, 436),
(916, 437),
(916, 439),
(916, 440),
(916, 442),
(916, 444),
(916, 445),
(916, 447),
(916, 448),
(916, 452),
(916, 453),
(916, 455),
(916, 457),
(916, 458),
(916, 463),
(916, 464),
(916, 465),
(916, 466),
(916, 468),
(916, 470),
(916, 472),
(916, 473),
(916, 475),
(916, 477),
(916, 479),
(916, 482),
(916, 483),
(916, 484),
(916, 486),
(916, 488),
(916, 489),
(916, 490),
(916, 491),
(916, 493),
(916, 494),
(916, 496),
(916, 502),
(916, 503),
(916, 504),
(916, 506),
(916, 507),
(916, 508),
(916, 510),
(916, 511),
(916, 512),
(916, 513),
(916, 517),
(916, 518),
(916, 521),
(916, 522),
(916, 525),
(916, 527),
(916, 530),
(916, 536),
(916, 537),
(916, 540),
(916, 541),
(916, 545),
(916, 546),
(916, 547),
(916, 552),
(916, 554),
(916, 557),
(916, 559),
(916, 560),
(916, 561),
(916, 563),
(916, 564),
(916, 565),
(916, 567),
(916, 569),
(916, 571),
(916, 572),
(916, 575),
(916, 578),
(916, 583),
(916, 584),
(916, 586),
(916, 588),
(916, 589),
(916, 590),
(916, 591),
(916, 593),
(916, 594),
(916, 597),
(916, 598),
(917, 401),
(917, 402),
(917, 403),
(917, 407),
(917, 408),
(917, 411),
(917, 416),
(917, 417),
(917, 419),
(917, 421),
(917, 423),
(917, 425),
(917, 427),
(917, 430),
(917, 431),
(917, 432),
(917, 434),
(917, 435),
(917, 436),
(917, 439),
(917, 440),
(917, 441),
(917, 442),
(917, 445),
(917, 447),
(917, 448),
(917, 451),
(917, 453),
(917, 455),
(917, 459),
(917, 465),
(917, 466),
(917, 469),
(917, 471),
(917, 474),
(917, 475),
(917, 476),
(917, 477),
(917, 480),
(917, 482),
(917, 483),
(917, 486),
(917, 487),
(917, 489),
(917, 491),
(917, 497),
(917, 498),
(917, 501),
(917, 505),
(917, 506),
(917, 507),
(917, 510),
(917, 513),
(917, 515),
(917, 518),
(917, 523),
(917, 524),
(917, 525),
(917, 527),
(917, 530),
(917, 531),
(917, 535),
(917, 537),
(917, 538),
(917, 539),
(917, 541),
(917, 542),
(917, 544),
(917, 545),
(917, 546),
(917, 547),
(917, 554),
(917, 555),
(917, 558),
(917, 559),
(917, 561),
(917, 562),
(917, 564),
(917, 566),
(917, 567),
(917, 572),
(917, 573),
(917, 574),
(917, 576),
(917, 580),
(917, 581),
(917, 582),
(917, 583),
(917, 584),
(917, 585),
(917, 586),
(917, 589),
(917, 590),
(917, 591),
(917, 592),
(917, 593),
(917, 594),
(917, 595),
(917, 598),
(917, 599),
(918, 401),
(918, 402),
(918, 405),
(918, 406),
(918, 407),
(918, 408),
(918, 409),
(918, 412),
(918, 414),
(918, 419),
(918, 422),
(918, 423),
(918, 427),
(918, 428),
(918, 429),
(918, 431),
(918, 433),
(918, 435),
(918, 439),
(918, 442),
(918, 443),
(918, 444),
(918, 446),
(918, 449),
(918, 451),
(918, 452),
(918, 454),
(918, 455),
(918, 456),
(918, 457),
(918, 458),
(918, 465),
(918, 469),
(918, 470),
(918, 473),
(918, 477),
(918, 478),
(918, 479),
(918, 485),
(918, 489),
(918, 492),
(918, 493),
(918, 494),
(918, 495),
(918, 498),
(918, 500),
(918, 503),
(918, 504),
(918, 505),
(918, 507),
(918, 509),
(918, 512),
(918, 513),
(918, 515),
(918, 517),
(918, 518),
(918, 519),
(918, 520),
(918, 523),
(918, 524),
(918, 525),
(918, 527),
(918, 529),
(918, 536),
(918, 544),
(918, 548),
(918, 549),
(918, 550),
(918, 551),
(918, 552),
(918, 553),
(918, 556),
(918, 557),
(918, 560),
(918, 561),
(918, 563),
(918, 565),
(918, 566),
(918, 568),
(918, 569),
(918, 571),
(918, 573),
(918, 576),
(918, 578),
(918, 580),
(918, 581),
(918, 582),
(918, 583),
(918, 584),
(918, 585),
(918, 586),
(918, 587),
(918, 588),
(918, 590),
(918, 591),
(918, 593),
(918, 594),
(918, 595),
(918, 599),
(918, 600),
(919, 402),
(919, 403),
(919, 407),
(919, 408),
(919, 410),
(919, 411),
(919, 416),
(919, 417),
(919, 422),
(919, 424),
(919, 426),
(919, 431),
(919, 432),
(919, 434),
(919, 435),
(919, 436),
(919, 438),
(919, 441),
(919, 443),
(919, 445),
(919, 446),
(919, 447),
(919, 449),
(919, 450),
(919, 451),
(919, 453),
(919, 457),
(919, 458),
(919, 461),
(919, 462),
(919, 463),
(919, 467),
(919, 469),
(919, 470),
(919, 472),
(919, 478),
(919, 480),
(919, 481),
(919, 482),
(919, 484),
(919, 487),
(919, 490),
(919, 491),
(919, 494),
(919, 495),
(919, 496),
(919, 497),
(919, 502),
(919, 503),
(919, 504),
(919, 505),
(919, 506),
(919, 507),
(919, 509),
(919, 510),
(919, 512),
(919, 516),
(919, 518),
(919, 520),
(919, 522),
(919, 523),
(919, 525),
(919, 527),
(919, 528),
(919, 530),
(919, 532),
(919, 533),
(919, 540),
(919, 544),
(919, 545),
(919, 548),
(919, 550),
(919, 551),
(919, 552),
(919, 553),
(919, 554),
(919, 555),
(919, 556),
(919, 557),
(919, 559),
(919, 566),
(919, 567),
(919, 569),
(919, 570),
(919, 571),
(919, 572),
(919, 576),
(919, 578),
(919, 579),
(919, 580),
(919, 581),
(919, 582),
(919, 583),
(919, 584),
(919, 585),
(919, 587),
(919, 589),
(919, 591),
(919, 595),
(919, 600),
(920, 403),
(920, 405),
(920, 407),
(920, 410),
(920, 413),
(920, 415),
(920, 420),
(920, 421),
(920, 422),
(920, 423),
(920, 425),
(920, 426),
(920, 427),
(920, 429),
(920, 431),
(920, 432),
(920, 433),
(920, 438),
(920, 440),
(920, 441),
(920, 445),
(920, 446),
(920, 447),
(920, 448),
(920, 450),
(920, 451),
(920, 457),
(920, 459),
(920, 463),
(920, 465),
(920, 466),
(920, 468),
(920, 469),
(920, 470),
(920, 471),
(920, 472),
(920, 475),
(920, 478),
(920, 481),
(920, 483),
(920, 485),
(920, 489),
(920, 490),
(920, 493),
(920, 495),
(920, 498),
(920, 499),
(920, 500),
(920, 501),
(920, 503),
(920, 505),
(920, 506),
(920, 508),
(920, 509),
(920, 511),
(920, 513),
(920, 514),
(920, 515),
(920, 518),
(920, 520),
(920, 522),
(920, 524),
(920, 525),
(920, 527),
(920, 528),
(920, 531),
(920, 532),
(920, 533),
(920, 534),
(920, 536),
(920, 538),
(920, 542),
(920, 543),
(920, 545),
(920, 546),
(920, 547),
(920, 549),
(920, 551),
(920, 557),
(920, 558),
(920, 560),
(920, 561),
(920, 562),
(920, 564),
(920, 566),
(920, 569),
(920, 572),
(920, 573),
(920, 577),
(920, 578),
(920, 580),
(920, 581),
(920, 583),
(920, 584),
(920, 586),
(920, 587),
(920, 591),
(920, 592),
(920, 594),
(920, 597),
(921, 401),
(921, 402),
(921, 403),
(921, 406),
(921, 407),
(921, 409),
(921, 410),
(921, 412),
(921, 415),
(921, 417),
(921, 420),
(921, 421),
(921, 427),
(921, 429),
(921, 430),
(921, 433),
(921, 435),
(921, 437),
(921, 440),
(921, 442),
(921, 444),
(921, 445),
(921, 446),
(921, 447),
(921, 448),
(921, 451),
(921, 452),
(921, 453),
(921, 456),
(921, 457),
(921, 462),
(921, 464),
(921, 465),
(921, 468),
(921, 469),
(921, 470),
(921, 471),
(921, 472),
(921, 474),
(921, 477),
(921, 480),
(921, 481),
(921, 484),
(921, 485),
(921, 489),
(921, 490),
(921, 491),
(921, 492),
(921, 495),
(921, 496),
(921, 499),
(921, 501),
(921, 502),
(921, 505),
(921, 508),
(921, 509),
(921, 510),
(921, 512),
(921, 514),
(921, 515),
(921, 520),
(921, 523),
(921, 527),
(921, 528),
(921, 531),
(921, 533),
(921, 536),
(921, 537),
(921, 539),
(921, 540),
(921, 542),
(921, 544),
(921, 546),
(921, 547),
(921, 549),
(921, 550),
(921, 551),
(921, 552),
(921, 553),
(921, 557),
(921, 560),
(921, 561),
(921, 563),
(921, 565),
(921, 572),
(921, 573),
(921, 575),
(921, 579),
(921, 580),
(921, 581),
(921, 582),
(921, 584),
(921, 585),
(921, 587),
(921, 588),
(921, 590),
(921, 592),
(921, 594),
(921, 595),
(921, 597),
(922, 402),
(922, 403),
(922, 405),
(922, 409),
(922, 411),
(922, 413),
(922, 414),
(922, 415),
(922, 419),
(922, 420),
(922, 421),
(922, 422),
(922, 429),
(922, 433),
(922, 434),
(922, 435),
(922, 436),
(922, 437),
(922, 438),
(922, 440),
(922, 442),
(922, 445),
(922, 446),
(922, 447),
(922, 449),
(922, 451),
(922, 453),
(922, 455),
(922, 459),
(922, 462),
(922, 464),
(922, 465),
(922, 466),
(922, 468),
(922, 469),
(922, 470),
(922, 471),
(922, 473),
(922, 474),
(922, 476),
(922, 477),
(922, 479),
(922, 480),
(922, 482),
(922, 484),
(922, 487),
(922, 489),
(922, 491),
(922, 492),
(922, 493),
(922, 495),
(922, 502),
(922, 503),
(922, 504),
(922, 505),
(922, 506),
(922, 509),
(922, 510),
(922, 512),
(922, 514),
(922, 515),
(922, 518),
(922, 519),
(922, 521),
(922, 523),
(922, 528),
(922, 529),
(922, 531),
(922, 532),
(922, 533),
(922, 536),
(922, 538),
(922, 543),
(922, 546),
(922, 550),
(922, 554),
(922, 555),
(922, 557),
(922, 558),
(922, 559),
(922, 561),
(922, 562),
(922, 564),
(922, 565),
(922, 567),
(922, 569),
(922, 571),
(922, 573),
(922, 577),
(922, 579),
(922, 582),
(922, 583),
(922, 584),
(922, 589),
(922, 590),
(922, 591),
(922, 592),
(922, 595),
(922, 596),
(922, 598),
(923, 401),
(923, 408),
(923, 411),
(923, 412),
(923, 413),
(923, 418),
(923, 419),
(923, 421),
(923, 422),
(923, 424),
(923, 429),
(923, 430),
(923, 432),
(923, 433),
(923, 434),
(923, 436),
(923, 438),
(923, 439),
(923, 440),
(923, 441),
(923, 443),
(923, 444),
(923, 445),
(923, 447),
(923, 449),
(923, 450),
(923, 452),
(923, 453),
(923, 454),
(923, 455),
(923, 457),
(923, 460),
(923, 461),
(923, 466),
(923, 467),
(923, 470),
(923, 471),
(923, 474),
(923, 475),
(923, 476),
(923, 478),
(923, 479),
(923, 481),
(923, 482),
(923, 483),
(923, 484),
(923, 487),
(923, 488),
(923, 491),
(923, 494),
(923, 495),
(923, 496),
(923, 502),
(923, 505),
(923, 510),
(923, 512),
(923, 513),
(923, 514),
(923, 515),
(923, 519),
(923, 521),
(923, 524),
(923, 526),
(923, 527),
(923, 528),
(923, 532),
(923, 533),
(923, 536),
(923, 537),
(923, 540),
(923, 544),
(923, 546),
(923, 547),
(923, 550),
(923, 553),
(923, 555),
(923, 557),
(923, 561),
(923, 565),
(923, 566),
(923, 568),
(923, 570),
(923, 572),
(923, 573),
(923, 575),
(923, 576),
(923, 577),
(923, 581),
(923, 583),
(923, 584),
(923, 586),
(923, 587),
(923, 589),
(923, 590),
(923, 591),
(923, 592),
(923, 593),
(923, 594),
(923, 597),
(923, 598),
(924, 401),
(924, 402),
(924, 404),
(924, 407),
(924, 409),
(924, 412),
(924, 415),
(924, 418),
(924, 419),
(924, 424),
(924, 425),
(924, 428),
(924, 430),
(924, 431),
(924, 432),
(924, 433),
(924, 434),
(924, 435),
(924, 437),
(924, 441),
(924, 445),
(924, 446),
(924, 447),
(924, 449),
(924, 450),
(924, 453),
(924, 454),
(924, 458),
(924, 461),
(924, 463),
(924, 467),
(924, 468),
(924, 469),
(924, 471),
(924, 472),
(924, 473),
(924, 474),
(924, 476),
(924, 480),
(924, 481),
(924, 484),
(924, 485),
(924, 488),
(924, 490),
(924, 491),
(924, 493),
(924, 494),
(924, 497),
(924, 498),
(924, 499),
(924, 500),
(924, 501),
(924, 502),
(924, 504),
(924, 506),
(924, 508),
(924, 509),
(924, 510),
(924, 512),
(924, 514),
(924, 515),
(924, 516),
(924, 519),
(924, 527),
(924, 530),
(924, 531),
(924, 532),
(924, 534),
(924, 535),
(924, 536),
(924, 539),
(924, 540),
(924, 541),
(924, 542),
(924, 543),
(924, 544),
(924, 547),
(924, 551),
(924, 552),
(924, 553),
(924, 554),
(924, 557),
(924, 559),
(924, 561),
(924, 562),
(924, 565),
(924, 568),
(924, 569),
(924, 573),
(924, 575),
(924, 577),
(924, 578),
(924, 580),
(924, 586),
(924, 589),
(924, 592),
(924, 593),
(924, 598),
(924, 599),
(924, 600),
(925, 402),
(925, 404),
(925, 405),
(925, 408),
(925, 409),
(925, 410),
(925, 412),
(925, 413),
(925, 414),
(925, 417),
(925, 418),
(925, 421),
(925, 422),
(925, 427),
(925, 428),
(925, 430),
(925, 433),
(925, 434),
(925, 435),
(925, 438),
(925, 441),
(925, 443),
(925, 447),
(925, 450),
(925, 452),
(925, 453),
(925, 454),
(925, 456),
(925, 460),
(925, 462),
(925, 463),
(925, 464),
(925, 465),
(925, 468),
(925, 471),
(925, 474),
(925, 475),
(925, 477),
(925, 480),
(925, 481),
(925, 483),
(925, 485),
(925, 487),
(925, 488),
(925, 489),
(925, 491),
(925, 492),
(925, 493),
(925, 494),
(925, 495),
(925, 496),
(925, 498),
(925, 502),
(925, 507),
(925, 509),
(925, 510),
(925, 515),
(925, 517),
(925, 518),
(925, 519),
(925, 521),
(925, 523),
(925, 524),
(925, 529),
(925, 532),
(925, 533),
(925, 536),
(925, 537),
(925, 538),
(925, 539),
(925, 541),
(925, 546),
(925, 547),
(925, 548),
(925, 550),
(925, 551),
(925, 552),
(925, 555),
(925, 559),
(925, 562),
(925, 565),
(925, 569),
(925, 571),
(925, 573),
(925, 574),
(925, 575),
(925, 578),
(925, 579),
(925, 582),
(925, 583),
(925, 585),
(925, 586),
(925, 589),
(925, 590),
(925, 591),
(925, 592),
(925, 593),
(925, 595),
(925, 598),
(925, 599),
(926, 401),
(926, 402),
(926, 404),
(926, 405),
(926, 406),
(926, 409),
(926, 410),
(926, 413),
(926, 414),
(926, 415),
(926, 417),
(926, 418),
(926, 419),
(926, 421),
(926, 422),
(926, 429),
(926, 431),
(926, 432),
(926, 434),
(926, 436),
(926, 437),
(926, 440),
(926, 441),
(926, 442),
(926, 443),
(926, 445),
(926, 447),
(926, 449),
(926, 453),
(926, 454),
(926, 455),
(926, 457),
(926, 461),
(926, 462),
(926, 464),
(926, 465),
(926, 466),
(926, 467),
(926, 468),
(926, 470),
(926, 473),
(926, 474),
(926, 476),
(926, 477),
(926, 478),
(926, 480),
(926, 488),
(926, 489),
(926, 493),
(926, 496),
(926, 498),
(926, 501),
(926, 503),
(926, 506),
(926, 508),
(926, 509),
(926, 514),
(926, 522),
(926, 524),
(926, 525),
(926, 527),
(926, 529),
(926, 531),
(926, 532),
(926, 534),
(926, 542),
(926, 544),
(926, 545),
(926, 546),
(926, 547),
(926, 549),
(926, 550),
(926, 552),
(926, 554),
(926, 555),
(926, 556),
(926, 559),
(926, 562),
(926, 564),
(926, 566),
(926, 567),
(926, 568),
(926, 569),
(926, 572),
(926, 573),
(926, 576),
(926, 577),
(926, 578),
(926, 580),
(926, 583),
(926, 584),
(926, 586),
(926, 588),
(926, 589),
(926, 590),
(926, 593),
(926, 594),
(926, 596),
(926, 599),
(926, 600),
(927, 405),
(927, 406),
(927, 408),
(927, 413),
(927, 416),
(927, 417),
(927, 421),
(927, 423),
(927, 424),
(927, 426),
(927, 427),
(927, 429),
(927, 431),
(927, 435),
(927, 436),
(927, 437),
(927, 440),
(927, 441),
(927, 444),
(927, 445),
(927, 446),
(927, 447),
(927, 448),
(927, 450),
(927, 452),
(927, 453),
(927, 454),
(927, 455),
(927, 461),
(927, 462),
(927, 463),
(927, 464),
(927, 465),
(927, 466),
(927, 468),
(927, 470),
(927, 472),
(927, 473),
(927, 478),
(927, 479),
(927, 481),
(927, 483),
(927, 484),
(927, 487),
(927, 488),
(927, 496),
(927, 497),
(927, 499),
(927, 500),
(927, 501),
(927, 502),
(927, 504),
(927, 506),
(927, 510),
(927, 513),
(927, 514),
(927, 517),
(927, 521),
(927, 522),
(927, 528),
(927, 530),
(927, 531),
(927, 533),
(927, 534),
(927, 535),
(927, 538),
(927, 539),
(927, 540),
(927, 542),
(927, 543),
(927, 544),
(927, 546),
(927, 547),
(927, 550),
(927, 553),
(927, 556),
(927, 558),
(927, 561),
(927, 564),
(927, 565),
(927, 568),
(927, 570),
(927, 571),
(927, 572),
(927, 573),
(927, 574),
(927, 575),
(927, 581),
(927, 583),
(927, 584),
(927, 585),
(927, 586),
(927, 587),
(927, 588),
(927, 590),
(927, 593),
(927, 596),
(927, 597),
(927, 598),
(927, 600),
(928, 403),
(928, 407),
(928, 408),
(928, 409),
(928, 411),
(928, 412),
(928, 413),
(928, 416),
(928, 419),
(928, 420),
(928, 422),
(928, 423),
(928, 424),
(928, 425),
(928, 426),
(928, 428),
(928, 429),
(928, 433),
(928, 434),
(928, 435),
(928, 436),
(928, 438),
(928, 440),
(928, 441),
(928, 442),
(928, 445),
(928, 448),
(928, 449),
(928, 451),
(928, 452),
(928, 457),
(928, 458),
(928, 459),
(928, 463),
(928, 464),
(928, 465),
(928, 466),
(928, 467),
(928, 470),
(928, 471),
(928, 472),
(928, 477),
(928, 478),
(928, 481),
(928, 484),
(928, 487),
(928, 488),
(928, 489),
(928, 490),
(928, 491),
(928, 492),
(928, 497),
(928, 499),
(928, 500),
(928, 502),
(928, 504),
(928, 505),
(928, 508),
(928, 509),
(928, 510),
(928, 513),
(928, 514),
(928, 516),
(928, 517),
(928, 518),
(928, 519),
(928, 520),
(928, 521),
(928, 528),
(928, 529),
(928, 531),
(928, 535),
(928, 547),
(928, 548),
(928, 549),
(928, 550),
(928, 554),
(928, 559),
(928, 560),
(928, 561),
(928, 562),
(928, 563),
(928, 566),
(928, 568),
(928, 569),
(928, 572),
(928, 573),
(928, 576),
(928, 577),
(928, 578),
(928, 579),
(928, 581),
(928, 583),
(928, 584),
(928, 585),
(928, 586),
(928, 590),
(928, 592),
(928, 594),
(928, 595),
(929, 402),
(929, 406),
(929, 407),
(929, 408),
(929, 411),
(929, 412),
(929, 413),
(929, 414),
(929, 415),
(929, 418),
(929, 420),
(929, 421),
(929, 422),
(929, 424),
(929, 425),
(929, 426),
(929, 429),
(929, 431),
(929, 433),
(929, 438),
(929, 440),
(929, 443),
(929, 444),
(929, 445),
(929, 446),
(929, 448),
(929, 449),
(929, 451),
(929, 453),
(929, 457),
(929, 461),
(929, 462),
(929, 464),
(929, 465),
(929, 469),
(929, 471),
(929, 474),
(929, 475),
(929, 476),
(929, 480),
(929, 481),
(929, 482),
(929, 483),
(929, 484),
(929, 485),
(929, 488),
(929, 489),
(929, 493),
(929, 496),
(929, 497),
(929, 500),
(929, 501),
(929, 502),
(929, 508),
(929, 509),
(929, 510),
(929, 512),
(929, 515),
(929, 516),
(929, 520),
(929, 524),
(929, 525),
(929, 528),
(929, 530),
(929, 532),
(929, 535),
(929, 537),
(929, 539),
(929, 540),
(929, 542),
(929, 544),
(929, 545),
(929, 549),
(929, 551),
(929, 554),
(929, 557),
(929, 561),
(929, 563),
(929, 564),
(929, 566),
(929, 567),
(929, 568),
(929, 570),
(929, 571),
(929, 572),
(929, 573),
(929, 574),
(929, 576),
(929, 577),
(929, 578),
(929, 581),
(929, 582),
(929, 583),
(929, 584),
(929, 586),
(929, 588),
(929, 591),
(929, 592),
(929, 596),
(929, 597),
(930, 402),
(930, 403),
(930, 404),
(930, 407),
(930, 408),
(930, 409),
(930, 416),
(930, 417),
(930, 418),
(930, 419),
(930, 420),
(930, 421),
(930, 422),
(930, 423),
(930, 425),
(930, 426),
(930, 429),
(930, 430),
(930, 431),
(930, 437),
(930, 438),
(930, 439),
(930, 441),
(930, 443),
(930, 446),
(930, 447),
(930, 451),
(930, 452),
(930, 455),
(930, 457),
(930, 458),
(930, 460),
(930, 462),
(930, 469),
(930, 474),
(930, 477),
(930, 480),
(930, 481),
(930, 482),
(930, 483),
(930, 487),
(930, 488),
(930, 490),
(930, 493),
(930, 495),
(930, 496),
(930, 497),
(930, 498),
(930, 499),
(930, 502),
(930, 503),
(930, 504),
(930, 507),
(930, 508),
(930, 512),
(930, 513),
(930, 514),
(930, 516),
(930, 518),
(930, 519),
(930, 520),
(930, 525),
(930, 527),
(930, 528),
(930, 529),
(930, 530),
(930, 533),
(930, 534),
(930, 535),
(930, 536),
(930, 537),
(930, 539),
(930, 541),
(930, 545),
(930, 546),
(930, 547),
(930, 548),
(930, 551),
(930, 553),
(930, 554),
(930, 557),
(930, 561),
(930, 567),
(930, 570),
(930, 571),
(930, 573),
(930, 574),
(930, 577),
(930, 578),
(930, 579),
(930, 580),
(930, 581),
(930, 582),
(930, 583),
(930, 584),
(930, 585),
(930, 589),
(930, 591),
(930, 592),
(930, 598),
(931, 401),
(931, 402),
(931, 403),
(931, 404),
(931, 405),
(931, 406),
(931, 410),
(931, 414),
(931, 415),
(931, 416),
(931, 417),
(931, 420),
(931, 421),
(931, 424),
(931, 425),
(931, 426),
(931, 427),
(931, 428),
(931, 429),
(931, 436),
(931, 439),
(931, 441),
(931, 442),
(931, 443),
(931, 444),
(931, 449),
(931, 450),
(931, 451),
(931, 452),
(931, 454),
(931, 456),
(931, 459),
(931, 462),
(931, 465),
(931, 467),
(931, 470),
(931, 471),
(931, 472),
(931, 475),
(931, 476),
(931, 478),
(931, 489),
(931, 492),
(931, 495),
(931, 496),
(931, 497),
(931, 498),
(931, 500),
(931, 503),
(931, 505),
(931, 506),
(931, 507),
(931, 509),
(931, 510),
(931, 514),
(931, 515),
(931, 518),
(931, 520),
(931, 521),
(931, 526),
(931, 528),
(931, 529),
(931, 530),
(931, 531),
(931, 533),
(931, 535),
(931, 536),
(931, 537),
(931, 538),
(931, 539),
(931, 540),
(931, 542),
(931, 546),
(931, 548),
(931, 549),
(931, 550),
(931, 552),
(931, 554),
(931, 555),
(931, 557),
(931, 559),
(931, 560),
(931, 564),
(931, 565),
(931, 568),
(931, 569),
(931, 571),
(931, 573),
(931, 574),
(931, 576),
(931, 577),
(931, 578),
(931, 580),
(931, 582),
(931, 587),
(931, 594),
(931, 595),
(931, 596),
(931, 597),
(931, 598),
(932, 401),
(932, 402),
(932, 404),
(932, 406),
(932, 409),
(932, 417),
(932, 418),
(932, 419),
(932, 420),
(932, 422),
(932, 423),
(932, 424),
(932, 427),
(932, 428),
(932, 430),
(932, 432),
(932, 435),
(932, 437),
(932, 440),
(932, 441),
(932, 442),
(932, 443),
(932, 444),
(932, 445),
(932, 447),
(932, 453),
(932, 454),
(932, 455),
(932, 456),
(932, 459),
(932, 460),
(932, 461),
(932, 462),
(932, 463),
(932, 469),
(932, 470),
(932, 472),
(932, 473),
(932, 474),
(932, 475),
(932, 480),
(932, 481),
(932, 485),
(932, 487),
(932, 488),
(932, 490),
(932, 492),
(932, 493),
(932, 495),
(932, 502),
(932, 503),
(932, 506),
(932, 508),
(932, 510),
(932, 511),
(932, 514),
(932, 517),
(932, 520),
(932, 524),
(932, 525),
(932, 526),
(932, 528),
(932, 529),
(932, 530),
(932, 532),
(932, 534),
(932, 536),
(932, 538),
(932, 541),
(932, 543),
(932, 544),
(932, 545),
(932, 546),
(932, 548),
(932, 549),
(932, 551),
(932, 554),
(932, 557),
(932, 559),
(932, 562),
(932, 564),
(932, 565),
(932, 566),
(932, 567),
(932, 570),
(932, 571),
(932, 572),
(932, 574),
(932, 576),
(932, 581),
(932, 582),
(932, 585),
(932, 586),
(932, 588),
(932, 590),
(932, 595),
(932, 596),
(932, 597),
(932, 598),
(932, 599),
(933, 401),
(933, 403),
(933, 409),
(933, 410),
(933, 411),
(933, 412),
(933, 416),
(933, 417),
(933, 420),
(933, 421),
(933, 422),
(933, 426),
(933, 427),
(933, 428),
(933, 429),
(933, 430),
(933, 431),
(933, 432),
(933, 435),
(933, 437),
(933, 440),
(933, 441),
(933, 442),
(933, 443),
(933, 447),
(933, 449),
(933, 450),
(933, 455),
(933, 456),
(933, 459),
(933, 461),
(933, 463),
(933, 464),
(933, 466),
(933, 470),
(933, 471),
(933, 472),
(933, 479),
(933, 480),
(933, 481),
(933, 482),
(933, 484),
(933, 485),
(933, 486),
(933, 488),
(933, 490),
(933, 491),
(933, 494),
(933, 495),
(933, 496),
(933, 498),
(933, 499),
(933, 502),
(933, 506),
(933, 507),
(933, 511),
(933, 512),
(933, 513),
(933, 514),
(933, 515),
(933, 518),
(933, 519),
(933, 524),
(933, 525),
(933, 527),
(933, 528),
(933, 529),
(933, 531),
(933, 533),
(933, 534),
(933, 535),
(933, 538),
(933, 539),
(933, 541),
(933, 545),
(933, 547),
(933, 549),
(933, 552),
(933, 554),
(933, 555),
(933, 558),
(933, 560),
(933, 561),
(933, 565),
(933, 566),
(933, 568),
(933, 571),
(933, 572),
(933, 575),
(933, 579),
(933, 580),
(933, 581),
(933, 584),
(933, 587),
(933, 588),
(933, 592),
(933, 594),
(933, 596),
(933, 598),
(933, 599),
(934, 401),
(934, 407),
(934, 408),
(934, 409),
(934, 410),
(934, 412),
(934, 414),
(934, 417),
(934, 418),
(934, 420),
(934, 423),
(934, 424),
(934, 425),
(934, 426),
(934, 428),
(934, 433),
(934, 435),
(934, 436),
(934, 437),
(934, 438),
(934, 439),
(934, 443),
(934, 444),
(934, 445),
(934, 448),
(934, 449),
(934, 451),
(934, 452),
(934, 453),
(934, 457),
(934, 462),
(934, 463),
(934, 467),
(934, 469),
(934, 472),
(934, 473),
(934, 474),
(934, 475),
(934, 479),
(934, 480),
(934, 482),
(934, 483),
(934, 485),
(934, 487),
(934, 488),
(934, 491),
(934, 494),
(934, 498),
(934, 499),
(934, 500),
(934, 501),
(934, 502),
(934, 503),
(934, 506),
(934, 508),
(934, 515),
(934, 518),
(934, 520),
(934, 521),
(934, 523),
(934, 524),
(934, 525),
(934, 527),
(934, 528),
(934, 529),
(934, 531),
(934, 533),
(934, 535),
(934, 537),
(934, 539),
(934, 541),
(934, 542),
(934, 543),
(934, 545),
(934, 548),
(934, 550),
(934, 552),
(934, 556),
(934, 558),
(934, 559),
(934, 561),
(934, 564),
(934, 565),
(934, 566),
(934, 567),
(934, 568),
(934, 572),
(934, 578),
(934, 579),
(934, 580),
(934, 581),
(934, 583),
(934, 587),
(934, 590),
(934, 593),
(934, 595),
(934, 596),
(934, 597),
(934, 599),
(934, 600),
(935, 401),
(935, 402),
(935, 403),
(935, 407),
(935, 410),
(935, 413),
(935, 415),
(935, 416),
(935, 417),
(935, 420),
(935, 421),
(935, 423),
(935, 424),
(935, 428),
(935, 429),
(935, 432),
(935, 434),
(935, 442),
(935, 443),
(935, 445),
(935, 446),
(935, 447),
(935, 449),
(935, 456),
(935, 457),
(935, 459),
(935, 462),
(935, 464),
(935, 466),
(935, 467),
(935, 468),
(935, 470),
(935, 472),
(935, 475),
(935, 476),
(935, 477),
(935, 478),
(935, 482),
(935, 483),
(935, 484),
(935, 485),
(935, 486),
(935, 488),
(935, 491),
(935, 493),
(935, 495),
(935, 496),
(935, 498),
(935, 501),
(935, 502),
(935, 504),
(935, 511),
(935, 513),
(935, 518),
(935, 521),
(935, 523),
(935, 524),
(935, 527),
(935, 528),
(935, 530),
(935, 531),
(935, 533),
(935, 535),
(935, 536),
(935, 538),
(935, 540),
(935, 541),
(935, 542),
(935, 543),
(935, 544),
(935, 545),
(935, 546),
(935, 547),
(935, 550),
(935, 551),
(935, 552),
(935, 554),
(935, 555),
(935, 556),
(935, 557),
(935, 558),
(935, 564),
(935, 567),
(935, 568),
(935, 569),
(935, 570),
(935, 571),
(935, 572),
(935, 574),
(935, 577),
(935, 579),
(935, 580),
(935, 584),
(935, 585),
(935, 590),
(935, 591),
(935, 593),
(935, 597),
(935, 599),
(935, 600),
(936, 406),
(936, 407),
(936, 408),
(936, 409),
(936, 411),
(936, 412),
(936, 414),
(936, 416),
(936, 420),
(936, 421),
(936, 423),
(936, 424),
(936, 427),
(936, 433),
(936, 434),
(936, 436),
(936, 437),
(936, 439),
(936, 443),
(936, 445),
(936, 446),
(936, 447),
(936, 448),
(936, 452),
(936, 454),
(936, 456),
(936, 457),
(936, 460),
(936, 462),
(936, 465),
(936, 467),
(936, 468),
(936, 469),
(936, 470),
(936, 472),
(936, 475),
(936, 476),
(936, 483),
(936, 484),
(936, 485),
(936, 487),
(936, 488),
(936, 490),
(936, 491),
(936, 492),
(936, 493),
(936, 495),
(936, 496),
(936, 497),
(936, 498),
(936, 500),
(936, 505),
(936, 506),
(936, 509),
(936, 512),
(936, 513),
(936, 514),
(936, 515),
(936, 517),
(936, 520),
(936, 521),
(936, 524),
(936, 525),
(936, 527),
(936, 528),
(936, 531),
(936, 533),
(936, 534),
(936, 538),
(936, 540),
(936, 542),
(936, 543),
(936, 544),
(936, 545),
(936, 546),
(936, 548),
(936, 550),
(936, 552),
(936, 553),
(936, 554),
(936, 558),
(936, 560),
(936, 567),
(936, 569),
(936, 570),
(936, 572),
(936, 577),
(936, 579),
(936, 581),
(936, 584),
(936, 585),
(936, 586),
(936, 587),
(936, 588),
(936, 589),
(936, 590),
(936, 591),
(936, 593),
(936, 594),
(936, 595),
(937, 402),
(937, 404),
(937, 406),
(937, 407),
(937, 408),
(937, 409),
(937, 410),
(937, 411),
(937, 412),
(937, 413),
(937, 414),
(937, 417),
(937, 418),
(937, 420),
(937, 421),
(937, 426),
(937, 429),
(937, 433),
(937, 434),
(937, 440),
(937, 441),
(937, 443),
(937, 444),
(937, 446),
(937, 447),
(937, 450),
(937, 453),
(937, 456),
(937, 457),
(937, 458),
(937, 460),
(937, 461),
(937, 462),
(937, 467),
(937, 468),
(937, 469),
(937, 470),
(937, 475),
(937, 476),
(937, 477),
(937, 479),
(937, 484),
(937, 485),
(937, 491),
(937, 493),
(937, 495),
(937, 496),
(937, 500),
(937, 501),
(937, 502),
(937, 503),
(937, 508),
(937, 510),
(937, 511),
(937, 512),
(937, 514),
(937, 515),
(937, 516),
(937, 518),
(937, 519),
(937, 521),
(937, 524),
(937, 525),
(937, 527),
(937, 528),
(937, 534),
(937, 536),
(937, 537),
(937, 538),
(937, 541),
(937, 545),
(937, 548),
(937, 550),
(937, 552),
(937, 556),
(937, 558),
(937, 559),
(937, 560),
(937, 563),
(937, 565),
(937, 566),
(937, 567),
(937, 569),
(937, 570),
(937, 571),
(937, 572),
(937, 573),
(937, 575),
(937, 576),
(937, 578),
(937, 579),
(937, 580),
(937, 582),
(937, 585),
(937, 587),
(937, 590),
(937, 592),
(937, 594),
(937, 596),
(937, 599),
(938, 402),
(938, 405),
(938, 406),
(938, 413),
(938, 414),
(938, 415),
(938, 416),
(938, 417),
(938, 418),
(938, 421),
(938, 422),
(938, 424),
(938, 425),
(938, 426),
(938, 427),
(938, 430),
(938, 434),
(938, 436),
(938, 438),
(938, 443),
(938, 445),
(938, 446),
(938, 447),
(938, 448),
(938, 449),
(938, 450),
(938, 452),
(938, 453),
(938, 454),
(938, 458),
(938, 459),
(938, 463),
(938, 465),
(938, 469),
(938, 471),
(938, 472),
(938, 473),
(938, 475),
(938, 476),
(938, 480),
(938, 482),
(938, 486),
(938, 487),
(938, 489),
(938, 492),
(938, 494),
(938, 496),
(938, 497),
(938, 500),
(938, 502),
(938, 504),
(938, 505),
(938, 507),
(938, 508),
(938, 509),
(938, 511),
(938, 512),
(938, 514),
(938, 518),
(938, 520),
(938, 521),
(938, 523),
(938, 525),
(938, 527),
(938, 529),
(938, 530),
(938, 531),
(938, 534),
(938, 535),
(938, 536),
(938, 539),
(938, 540),
(938, 542),
(938, 544),
(938, 546),
(938, 547),
(938, 548),
(938, 550),
(938, 554),
(938, 555),
(938, 558),
(938, 559),
(938, 560),
(938, 562),
(938, 563),
(938, 564),
(938, 566),
(938, 569),
(938, 571),
(938, 572),
(938, 573),
(938, 576),
(938, 581),
(938, 584),
(938, 585),
(938, 590),
(938, 592),
(938, 596),
(938, 597),
(938, 598),
(939, 401),
(939, 402),
(939, 404),
(939, 405),
(939, 406),
(939, 408),
(939, 409),
(939, 410),
(939, 411),
(939, 412),
(939, 415),
(939, 416),
(939, 418),
(939, 421),
(939, 422),
(939, 424),
(939, 426),
(939, 428),
(939, 432),
(939, 434),
(939, 439),
(939, 440),
(939, 444),
(939, 446),
(939, 450),
(939, 456),
(939, 458),
(939, 459),
(939, 460),
(939, 461),
(939, 466),
(939, 468),
(939, 469),
(939, 471),
(939, 472),
(939, 475),
(939, 477),
(939, 478),
(939, 479),
(939, 480),
(939, 481),
(939, 482),
(939, 483),
(939, 485),
(939, 489),
(939, 494),
(939, 495),
(939, 496),
(939, 498),
(939, 500),
(939, 501),
(939, 502),
(939, 503),
(939, 508),
(939, 509),
(939, 511),
(939, 519),
(939, 520),
(939, 522),
(939, 523),
(939, 526),
(939, 527),
(939, 528),
(939, 533),
(939, 535),
(939, 536),
(939, 537),
(939, 538),
(939, 539),
(939, 540),
(939, 541),
(939, 542),
(939, 543),
(939, 546),
(939, 550),
(939, 555),
(939, 557),
(939, 560),
(939, 561),
(939, 562),
(939, 563),
(939, 565),
(939, 566),
(939, 568),
(939, 569),
(939, 570),
(939, 571),
(939, 574),
(939, 575),
(939, 576),
(939, 578),
(939, 579),
(939, 581),
(939, 582),
(939, 583),
(939, 586),
(939, 591),
(939, 597),
(939, 598),
(939, 599),
(940, 402),
(940, 403),
(940, 404),
(940, 406),
(940, 407),
(940, 408),
(940, 411),
(940, 413),
(940, 415),
(940, 417),
(940, 419),
(940, 423),
(940, 427),
(940, 428),
(940, 431),
(940, 432),
(940, 436),
(940, 437),
(940, 438),
(940, 442),
(940, 443),
(940, 444),
(940, 445),
(940, 447),
(940, 448),
(940, 452),
(940, 453),
(940, 455),
(940, 457),
(940, 459),
(940, 460),
(940, 461),
(940, 462),
(940, 464),
(940, 465),
(940, 468),
(940, 470),
(940, 476),
(940, 477),
(940, 482),
(940, 484),
(940, 485),
(940, 487),
(940, 490),
(940, 492),
(940, 493),
(940, 495),
(940, 496),
(940, 499),
(940, 500),
(940, 506),
(940, 507),
(940, 508),
(940, 513),
(940, 515),
(940, 516),
(940, 520),
(940, 521),
(940, 522),
(940, 523),
(940, 524),
(940, 525),
(940, 527),
(940, 528),
(940, 533),
(940, 534),
(940, 536),
(940, 537),
(940, 539),
(940, 541),
(940, 542),
(940, 545),
(940, 547),
(940, 548),
(940, 550),
(940, 551),
(940, 552),
(940, 555),
(940, 556),
(940, 558),
(940, 559),
(940, 560),
(940, 561),
(940, 566),
(940, 570),
(940, 571),
(940, 572),
(940, 573),
(940, 575),
(940, 577),
(940, 578),
(940, 582),
(940, 584),
(940, 588),
(940, 589),
(940, 591),
(940, 592),
(940, 596),
(940, 599),
(940, 600),
(941, 401),
(941, 402),
(941, 405),
(941, 406),
(941, 407),
(941, 408),
(941, 410),
(941, 411),
(941, 414),
(941, 417),
(941, 418),
(941, 420),
(941, 421),
(941, 422),
(941, 428),
(941, 429),
(941, 431),
(941, 434),
(941, 436),
(941, 438),
(941, 440),
(941, 441),
(941, 444),
(941, 445),
(941, 448),
(941, 449),
(941, 452),
(941, 454),
(941, 459),
(941, 460),
(941, 462),
(941, 466),
(941, 467),
(941, 469),
(941, 470),
(941, 472),
(941, 473),
(941, 474),
(941, 475),
(941, 476),
(941, 477),
(941, 479),
(941, 482),
(941, 486),
(941, 493),
(941, 494),
(941, 495),
(941, 496),
(941, 497),
(941, 499),
(941, 500),
(941, 503),
(941, 505),
(941, 508),
(941, 509),
(941, 510),
(941, 511),
(941, 512),
(941, 514),
(941, 515),
(941, 517),
(941, 519),
(941, 524),
(941, 525),
(941, 526),
(941, 528),
(941, 532),
(941, 536),
(941, 539),
(941, 540),
(941, 541),
(941, 546),
(941, 552),
(941, 554),
(941, 555),
(941, 558),
(941, 559),
(941, 560),
(941, 562),
(941, 563),
(941, 565),
(941, 566),
(941, 569),
(941, 571),
(941, 573),
(941, 574),
(941, 576),
(941, 578),
(941, 581),
(941, 582),
(941, 585),
(941, 587),
(941, 589),
(941, 590),
(941, 592),
(941, 593),
(941, 595),
(941, 596),
(941, 597),
(941, 600),
(942, 404),
(942, 407),
(942, 408),
(942, 410),
(942, 411),
(942, 419),
(942, 421),
(942, 425),
(942, 426),
(942, 428),
(942, 429),
(942, 430),
(942, 432),
(942, 438),
(942, 439),
(942, 440),
(942, 442),
(942, 444),
(942, 447),
(942, 448),
(942, 450),
(942, 451),
(942, 452),
(942, 454),
(942, 455),
(942, 456),
(942, 457),
(942, 458),
(942, 459),
(942, 463),
(942, 464),
(942, 467),
(942, 469),
(942, 472),
(942, 473),
(942, 474),
(942, 480),
(942, 483),
(942, 484),
(942, 485),
(942, 490),
(942, 492),
(942, 493),
(942, 495),
(942, 500),
(942, 502),
(942, 504),
(942, 506),
(942, 508),
(942, 509),
(942, 514),
(942, 516),
(942, 519),
(942, 520),
(942, 521),
(942, 522),
(942, 523),
(942, 525),
(942, 527),
(942, 528),
(942, 529),
(942, 531),
(942, 532),
(942, 536),
(942, 537),
(942, 539),
(942, 540),
(942, 541),
(942, 542),
(942, 544),
(942, 550),
(942, 551),
(942, 552),
(942, 553),
(942, 554),
(942, 557),
(942, 558),
(942, 559),
(942, 560),
(942, 561),
(942, 562),
(942, 564),
(942, 565),
(942, 566),
(942, 567),
(942, 570),
(942, 571),
(942, 573),
(942, 574),
(942, 575),
(942, 577),
(942, 582),
(942, 584),
(942, 585),
(942, 589),
(942, 591),
(942, 594),
(942, 597),
(942, 598),
(942, 599),
(943, 403),
(943, 406),
(943, 408),
(943, 411),
(943, 412),
(943, 414),
(943, 416),
(943, 418),
(943, 421),
(943, 422),
(943, 423),
(943, 425),
(943, 426),
(943, 427),
(943, 428),
(943, 429),
(943, 430),
(943, 432),
(943, 434),
(943, 436),
(943, 437),
(943, 439),
(943, 440),
(943, 441),
(943, 442),
(943, 445),
(943, 450),
(943, 452),
(943, 453),
(943, 461),
(943, 463),
(943, 464),
(943, 466),
(943, 467),
(943, 468),
(943, 470),
(943, 472),
(943, 474),
(943, 475),
(943, 476),
(943, 477),
(943, 481),
(943, 485),
(943, 489),
(943, 492),
(943, 493),
(943, 494),
(943, 495),
(943, 498),
(943, 499),
(943, 500),
(943, 502),
(943, 507),
(943, 508),
(943, 510),
(943, 513),
(943, 516),
(943, 517),
(943, 519),
(943, 525),
(943, 527),
(943, 529),
(943, 530),
(943, 531),
(943, 536),
(943, 537),
(943, 538),
(943, 539),
(943, 540),
(943, 542),
(943, 544),
(943, 546),
(943, 549),
(943, 551),
(943, 553),
(943, 555),
(943, 556),
(943, 557),
(943, 558),
(943, 559),
(943, 560),
(943, 561),
(943, 563),
(943, 566),
(943, 569),
(943, 572),
(943, 573),
(943, 574),
(943, 575),
(943, 576),
(943, 581),
(943, 585),
(943, 589),
(943, 590),
(943, 591),
(943, 592),
(943, 593),
(943, 594),
(943, 596),
(943, 599),
(944, 401),
(944, 404),
(944, 408),
(944, 409),
(944, 410),
(944, 411),
(944, 412),
(944, 413),
(944, 414),
(944, 415),
(944, 419),
(944, 421),
(944, 424),
(944, 425),
(944, 426),
(944, 429),
(944, 431),
(944, 437),
(944, 441),
(944, 443),
(944, 444),
(944, 447),
(944, 450),
(944, 451),
(944, 452),
(944, 454),
(944, 456),
(944, 457),
(944, 458),
(944, 459),
(944, 464),
(944, 466),
(944, 467),
(944, 468),
(944, 469),
(944, 470),
(944, 474),
(944, 477),
(944, 479),
(944, 482),
(944, 484),
(944, 487),
(944, 488),
(944, 490),
(944, 491),
(944, 492),
(944, 498),
(944, 501),
(944, 503),
(944, 505),
(944, 509),
(944, 511),
(944, 513),
(944, 515),
(944, 517),
(944, 519),
(944, 527),
(944, 528),
(944, 529),
(944, 530),
(944, 531),
(944, 532),
(944, 533),
(944, 534),
(944, 535),
(944, 541),
(944, 549),
(944, 551),
(944, 552),
(944, 555),
(944, 556),
(944, 557),
(944, 560),
(944, 561),
(944, 562),
(944, 563),
(944, 565),
(944, 566),
(944, 568),
(944, 569),
(944, 570),
(944, 572),
(944, 573),
(944, 574),
(944, 575),
(944, 576),
(944, 578),
(944, 580),
(944, 581),
(944, 585),
(944, 587),
(944, 590),
(944, 592),
(944, 593),
(944, 594),
(944, 595),
(944, 597),
(944, 598),
(944, 599),
(944, 600),
(945, 401),
(945, 402),
(945, 403),
(945, 404),
(945, 407),
(945, 408),
(945, 409),
(945, 415),
(945, 417),
(945, 420),
(945, 421),
(945, 424),
(945, 425),
(945, 428),
(945, 430),
(945, 431),
(945, 435),
(945, 439),
(945, 440),
(945, 441),
(945, 442),
(945, 443),
(945, 445),
(945, 449),
(945, 451),
(945, 452),
(945, 457),
(945, 458),
(945, 459),
(945, 464),
(945, 465),
(945, 466),
(945, 467),
(945, 468),
(945, 471),
(945, 473),
(945, 476),
(945, 477),
(945, 482),
(945, 484),
(945, 486),
(945, 488),
(945, 489),
(945, 490),
(945, 491),
(945, 492),
(945, 493),
(945, 496),
(945, 498),
(945, 499),
(945, 501),
(945, 502),
(945, 503),
(945, 504),
(945, 507),
(945, 510),
(945, 515),
(945, 518),
(945, 522),
(945, 526),
(945, 527),
(945, 530),
(945, 533),
(945, 538),
(945, 540),
(945, 541),
(945, 542),
(945, 543),
(945, 544),
(945, 545),
(945, 546),
(945, 547),
(945, 548),
(945, 550),
(945, 551),
(945, 552),
(945, 553),
(945, 558),
(945, 559),
(945, 562),
(945, 564),
(945, 565),
(945, 567),
(945, 569),
(945, 570),
(945, 574),
(945, 575),
(945, 582),
(945, 583),
(945, 584),
(945, 585),
(945, 588),
(945, 591),
(945, 592),
(945, 594),
(945, 595),
(945, 596),
(945, 598),
(945, 599),
(945, 600),
(946, 401),
(946, 403),
(946, 405),
(946, 408),
(946, 409),
(946, 410),
(946, 418),
(946, 420),
(946, 421),
(946, 422),
(946, 423),
(946, 424),
(946, 427),
(946, 428),
(946, 429),
(946, 431),
(946, 436),
(946, 441),
(946, 444),
(946, 447),
(946, 449),
(946, 450),
(946, 451),
(946, 453),
(946, 455),
(946, 456),
(946, 457),
(946, 458),
(946, 460),
(946, 462),
(946, 465),
(946, 467),
(946, 469),
(946, 470),
(946, 471),
(946, 472),
(946, 474),
(946, 476),
(946, 477),
(946, 486),
(946, 487),
(946, 489),
(946, 490),
(946, 491),
(946, 493),
(946, 494),
(946, 495),
(946, 497),
(946, 500),
(946, 502),
(946, 504),
(946, 506),
(946, 511),
(946, 512),
(946, 513),
(946, 514),
(946, 516),
(946, 518),
(946, 519),
(946, 520),
(946, 522),
(946, 523),
(946, 524),
(946, 525),
(946, 527),
(946, 532),
(946, 534),
(946, 535),
(946, 538),
(946, 542),
(946, 544),
(946, 546),
(946, 547),
(946, 550),
(946, 552),
(946, 557),
(946, 560),
(946, 562),
(946, 563),
(946, 565),
(946, 566),
(946, 569),
(946, 570),
(946, 575),
(946, 576),
(946, 577),
(946, 580),
(946, 581),
(946, 583),
(946, 584),
(946, 586),
(946, 587),
(946, 588),
(946, 590),
(946, 591),
(946, 593),
(946, 594),
(946, 596),
(946, 598),
(946, 600),
(947, 401),
(947, 402),
(947, 403),
(947, 404),
(947, 408),
(947, 410),
(947, 411),
(947, 412),
(947, 419),
(947, 420),
(947, 425),
(947, 427),
(947, 428),
(947, 432),
(947, 435),
(947, 436),
(947, 438),
(947, 439),
(947, 442),
(947, 443),
(947, 444),
(947, 445),
(947, 446),
(947, 447),
(947, 450),
(947, 451),
(947, 452),
(947, 453),
(947, 454),
(947, 456),
(947, 466),
(947, 467),
(947, 468),
(947, 469),
(947, 470),
(947, 471),
(947, 472),
(947, 473),
(947, 475),
(947, 477),
(947, 478),
(947, 480),
(947, 489),
(947, 492),
(947, 494),
(947, 496),
(947, 497),
(947, 501),
(947, 504),
(947, 505),
(947, 506),
(947, 507),
(947, 510),
(947, 514),
(947, 515),
(947, 516),
(947, 517),
(947, 518),
(947, 519),
(947, 521),
(947, 522),
(947, 524),
(947, 526),
(947, 527),
(947, 529),
(947, 530),
(947, 531),
(947, 532),
(947, 534),
(947, 535),
(947, 538),
(947, 540),
(947, 541),
(947, 544),
(947, 546),
(947, 548),
(947, 550),
(947, 554),
(947, 555),
(947, 556),
(947, 557),
(947, 559),
(947, 560),
(947, 561),
(947, 564),
(947, 567),
(947, 574),
(947, 575),
(947, 579),
(947, 582),
(947, 583),
(947, 586),
(947, 588),
(947, 589),
(947, 591),
(947, 592),
(947, 593),
(947, 594),
(947, 596),
(947, 599),
(948, 402),
(948, 404),
(948, 405),
(948, 406),
(948, 407),
(948, 411),
(948, 416),
(948, 417),
(948, 422),
(948, 423),
(948, 424),
(948, 425),
(948, 428),
(948, 431),
(948, 432),
(948, 434),
(948, 435),
(948, 436),
(948, 438),
(948, 440),
(948, 441),
(948, 444),
(948, 450),
(948, 454),
(948, 456),
(948, 458),
(948, 459),
(948, 463),
(948, 467),
(948, 468),
(948, 470),
(948, 472),
(948, 476),
(948, 477),
(948, 480),
(948, 483),
(948, 485),
(948, 486),
(948, 487),
(948, 490),
(948, 491),
(948, 495),
(948, 496),
(948, 497),
(948, 502),
(948, 504),
(948, 506),
(948, 507),
(948, 511),
(948, 513),
(948, 514),
(948, 515),
(948, 517),
(948, 520),
(948, 521),
(948, 526),
(948, 527),
(948, 528),
(948, 529),
(948, 530),
(948, 531),
(948, 532),
(948, 533),
(948, 534),
(948, 535),
(948, 536),
(948, 537),
(948, 538),
(948, 541),
(948, 543),
(948, 545),
(948, 546),
(948, 547),
(948, 552),
(948, 556),
(948, 557),
(948, 559),
(948, 561),
(948, 567),
(948, 569),
(948, 570),
(948, 571),
(948, 574),
(948, 576),
(948, 577),
(948, 578),
(948, 579),
(948, 581),
(948, 583),
(948, 584),
(948, 585),
(948, 586),
(948, 587),
(948, 588),
(948, 589),
(948, 591),
(948, 593),
(948, 594),
(948, 596),
(948, 597),
(949, 404),
(949, 411),
(949, 412),
(949, 414),
(949, 415),
(949, 416),
(949, 417),
(949, 419),
(949, 420),
(949, 423),
(949, 425),
(949, 427),
(949, 432),
(949, 437),
(949, 440),
(949, 441),
(949, 443),
(949, 445),
(949, 447),
(949, 448),
(949, 450),
(949, 451),
(949, 455),
(949, 456),
(949, 457),
(949, 458),
(949, 460),
(949, 461),
(949, 462),
(949, 466),
(949, 467),
(949, 472),
(949, 473),
(949, 475),
(949, 477),
(949, 478),
(949, 481),
(949, 483),
(949, 484),
(949, 487),
(949, 489),
(949, 492),
(949, 493),
(949, 494),
(949, 496),
(949, 498),
(949, 499),
(949, 500),
(949, 501),
(949, 502),
(949, 504),
(949, 505),
(949, 506),
(949, 507),
(949, 510),
(949, 512),
(949, 513),
(949, 514),
(949, 516),
(949, 517),
(949, 519),
(949, 521),
(949, 523),
(949, 527),
(949, 529),
(949, 530),
(949, 533),
(949, 534),
(949, 537),
(949, 540),
(949, 541),
(949, 543),
(949, 545),
(949, 548),
(949, 549),
(949, 550),
(949, 552),
(949, 553),
(949, 555),
(949, 559),
(949, 563),
(949, 565),
(949, 568),
(949, 570),
(949, 572),
(949, 573),
(949, 578),
(949, 580),
(949, 583),
(949, 584),
(949, 586),
(949, 588),
(949, 589),
(949, 593),
(949, 594),
(949, 595),
(949, 596),
(949, 597),
(949, 598),
(949, 600),
(950, 401),
(950, 404),
(950, 409),
(950, 410),
(950, 411),
(950, 412),
(950, 413),
(950, 416),
(950, 419),
(950, 420),
(950, 421),
(950, 422),
(950, 423),
(950, 426),
(950, 427),
(950, 428),
(950, 429),
(950, 430),
(950, 431),
(950, 434),
(950, 435),
(950, 436),
(950, 437),
(950, 439),
(950, 442),
(950, 443),
(950, 444),
(950, 445),
(950, 450),
(950, 452),
(950, 454),
(950, 457),
(950, 460),
(950, 464),
(950, 465),
(950, 466),
(950, 467),
(950, 468),
(950, 469),
(950, 472),
(950, 474),
(950, 475),
(950, 477),
(950, 481),
(950, 483),
(950, 484),
(950, 488),
(950, 489),
(950, 492),
(950, 494),
(950, 495),
(950, 497),
(950, 501),
(950, 505),
(950, 508),
(950, 509),
(950, 513),
(950, 514),
(950, 515),
(950, 517),
(950, 519),
(950, 520),
(950, 521),
(950, 522),
(950, 523),
(950, 524),
(950, 525),
(950, 529),
(950, 531),
(950, 534),
(950, 538),
(950, 539),
(950, 540),
(950, 545),
(950, 550),
(950, 552),
(950, 555),
(950, 558),
(950, 560),
(950, 561),
(950, 563),
(950, 566),
(950, 568),
(950, 571),
(950, 572),
(950, 573),
(950, 576),
(950, 577),
(950, 578),
(950, 583),
(950, 584),
(950, 585),
(950, 588),
(950, 590),
(950, 591),
(950, 593),
(950, 595),
(950, 596),
(950, 598),
(950, 600),
(951, 403),
(951, 404),
(951, 405),
(951, 406),
(951, 407),
(951, 411),
(951, 412),
(951, 413),
(951, 416),
(951, 419),
(951, 421),
(951, 422),
(951, 423),
(951, 425),
(951, 426),
(951, 427),
(951, 429),
(951, 431),
(951, 432),
(951, 436),
(951, 437),
(951, 438),
(951, 439),
(951, 443),
(951, 446),
(951, 448),
(951, 450),
(951, 453),
(951, 455),
(951, 458),
(951, 459),
(951, 462),
(951, 463),
(951, 465),
(951, 466),
(951, 468),
(951, 469),
(951, 472),
(951, 476),
(951, 486),
(951, 487),
(951, 488),
(951, 489),
(951, 490),
(951, 492),
(951, 493),
(951, 494),
(951, 495),
(951, 497),
(951, 498),
(951, 499),
(951, 501),
(951, 502),
(951, 503),
(951, 507),
(951, 508),
(951, 509),
(951, 510),
(951, 512),
(951, 514),
(951, 518),
(951, 521),
(951, 523),
(951, 524),
(951, 525),
(951, 527),
(951, 528),
(951, 529),
(951, 535),
(951, 537),
(951, 538),
(951, 540),
(951, 543),
(951, 545),
(951, 546),
(951, 548),
(951, 553),
(951, 554),
(951, 555),
(951, 556),
(951, 557),
(951, 558),
(951, 560),
(951, 562),
(951, 564),
(951, 566),
(951, 572),
(951, 577),
(951, 578),
(951, 579),
(951, 581),
(951, 583),
(951, 584),
(951, 585),
(951, 586),
(951, 590),
(951, 591),
(951, 593),
(951, 594),
(951, 596),
(952, 401),
(952, 402),
(952, 403),
(952, 404),
(952, 407),
(952, 412),
(952, 413),
(952, 414),
(952, 416),
(952, 419),
(952, 420),
(952, 421),
(952, 422),
(952, 424),
(952, 425),
(952, 427),
(952, 431),
(952, 434),
(952, 435),
(952, 437),
(952, 438),
(952, 440),
(952, 443),
(952, 446),
(952, 447),
(952, 448),
(952, 453),
(952, 458),
(952, 461),
(952, 462),
(952, 463),
(952, 464),
(952, 465),
(952, 468),
(952, 469),
(952, 471),
(952, 473),
(952, 474),
(952, 476),
(952, 477),
(952, 479),
(952, 481),
(952, 482),
(952, 483),
(952, 484),
(952, 485),
(952, 486),
(952, 489),
(952, 490),
(952, 494),
(952, 496),
(952, 497),
(952, 498),
(952, 499),
(952, 501),
(952, 502),
(952, 503),
(952, 504),
(952, 510),
(952, 511),
(952, 514),
(952, 517),
(952, 518),
(952, 519),
(952, 520),
(952, 521),
(952, 527),
(952, 529),
(952, 530),
(952, 531),
(952, 533),
(952, 536),
(952, 537),
(952, 539),
(952, 542),
(952, 543),
(952, 544),
(952, 545),
(952, 546),
(952, 547),
(952, 551),
(952, 552),
(952, 553),
(952, 554),
(952, 557),
(952, 558),
(952, 559),
(952, 560),
(952, 565),
(952, 566),
(952, 573),
(952, 578),
(952, 579),
(952, 582),
(952, 583),
(952, 584),
(952, 586),
(952, 588),
(952, 589),
(952, 597),
(953, 401),
(953, 402),
(953, 404),
(953, 405),
(953, 406),
(953, 408),
(953, 409),
(953, 411),
(953, 412),
(953, 414),
(953, 415),
(953, 417),
(953, 419),
(953, 422),
(953, 423),
(953, 424),
(953, 425),
(953, 430),
(953, 432),
(953, 433),
(953, 435),
(953, 437),
(953, 439),
(953, 441),
(953, 442),
(953, 444),
(953, 446),
(953, 454),
(953, 455),
(953, 457),
(953, 461),
(953, 462),
(953, 463),
(953, 466),
(953, 467),
(953, 468),
(953, 469),
(953, 470),
(953, 471),
(953, 472),
(953, 473),
(953, 476),
(953, 479),
(953, 480),
(953, 482),
(953, 484),
(953, 485),
(953, 486),
(953, 488),
(953, 490),
(953, 491),
(953, 495),
(953, 497),
(953, 498),
(953, 504),
(953, 505),
(953, 506),
(953, 509),
(953, 512),
(953, 513),
(953, 515),
(953, 518),
(953, 519),
(953, 520),
(953, 521),
(953, 525),
(953, 531),
(953, 532),
(953, 533),
(953, 534),
(953, 535),
(953, 537),
(953, 542),
(953, 547),
(953, 549),
(953, 555),
(953, 556),
(953, 557),
(953, 560),
(953, 564),
(953, 565),
(953, 566),
(953, 568),
(953, 569),
(953, 570),
(953, 571),
(953, 572),
(953, 574),
(953, 575),
(953, 576),
(953, 577),
(953, 578),
(953, 579),
(953, 581),
(953, 582),
(953, 588),
(953, 592),
(953, 597),
(953, 598),
(953, 599),
(954, 401),
(954, 404),
(954, 406),
(954, 410),
(954, 411),
(954, 413),
(954, 416),
(954, 417),
(954, 418),
(954, 419),
(954, 420),
(954, 421),
(954, 423),
(954, 424),
(954, 426),
(954, 427),
(954, 428),
(954, 433),
(954, 440),
(954, 441),
(954, 443),
(954, 444),
(954, 445),
(954, 447),
(954, 448),
(954, 449),
(954, 451),
(954, 453),
(954, 454),
(954, 457),
(954, 459),
(954, 460),
(954, 461),
(954, 463),
(954, 464),
(954, 468),
(954, 472),
(954, 473),
(954, 475),
(954, 478),
(954, 480),
(954, 481),
(954, 482),
(954, 483),
(954, 485),
(954, 489),
(954, 490),
(954, 491),
(954, 492),
(954, 493),
(954, 494),
(954, 498),
(954, 499),
(954, 500),
(954, 501),
(954, 505),
(954, 506),
(954, 508),
(954, 511),
(954, 512),
(954, 513),
(954, 514),
(954, 516),
(954, 517),
(954, 518),
(954, 520),
(954, 522),
(954, 524),
(954, 531),
(954, 534),
(954, 537),
(954, 540),
(954, 542),
(954, 544),
(954, 545),
(954, 546),
(954, 552),
(954, 554),
(954, 555),
(954, 557),
(954, 564),
(954, 566),
(954, 568),
(954, 570),
(954, 572),
(954, 575),
(954, 576),
(954, 577),
(954, 578),
(954, 580),
(954, 585),
(954, 587),
(954, 588),
(954, 589),
(954, 590),
(954, 591),
(954, 592),
(954, 594),
(954, 597),
(954, 600),
(955, 401),
(955, 403),
(955, 408),
(955, 410),
(955, 411),
(955, 412),
(955, 413),
(955, 416),
(955, 421),
(955, 425),
(955, 426),
(955, 430),
(955, 432),
(955, 433),
(955, 434),
(955, 437),
(955, 441),
(955, 442),
(955, 445),
(955, 446),
(955, 450),
(955, 452),
(955, 453),
(955, 455),
(955, 456),
(955, 457),
(955, 459),
(955, 461),
(955, 462),
(955, 464),
(955, 465),
(955, 466),
(955, 470),
(955, 471),
(955, 472),
(955, 477),
(955, 485),
(955, 487),
(955, 488),
(955, 490),
(955, 492),
(955, 493),
(955, 497),
(955, 498),
(955, 499),
(955, 502),
(955, 504),
(955, 507),
(955, 508),
(955, 516),
(955, 517),
(955, 518),
(955, 521),
(955, 522),
(955, 523),
(955, 524),
(955, 525),
(955, 528),
(955, 530),
(955, 532),
(955, 535),
(955, 537),
(955, 540),
(955, 541),
(955, 543),
(955, 544),
(955, 545),
(955, 547),
(955, 550),
(955, 551),
(955, 552),
(955, 554),
(955, 555),
(955, 556),
(955, 557),
(955, 559),
(955, 560),
(955, 562),
(955, 564),
(955, 565),
(955, 566),
(955, 568),
(955, 572),
(955, 573),
(955, 574),
(955, 575),
(955, 576),
(955, 577),
(955, 578),
(955, 580),
(955, 585),
(955, 586),
(955, 588),
(955, 591),
(955, 592),
(955, 595),
(955, 596),
(955, 598),
(955, 599),
(955, 600),
(956, 401),
(956, 402),
(956, 406),
(956, 408),
(956, 409),
(956, 412),
(956, 413),
(956, 415),
(956, 419),
(956, 420),
(956, 421),
(956, 423),
(956, 426),
(956, 428),
(956, 429),
(956, 430),
(956, 431),
(956, 432),
(956, 433),
(956, 435),
(956, 439),
(956, 440),
(956, 442),
(956, 443),
(956, 445),
(956, 446),
(956, 447),
(956, 449),
(956, 455),
(956, 460),
(956, 461),
(956, 464),
(956, 465),
(956, 470),
(956, 471),
(956, 472),
(956, 482),
(956, 483),
(956, 486),
(956, 488),
(956, 489),
(956, 490),
(956, 492),
(956, 493),
(956, 495),
(956, 496),
(956, 497),
(956, 498),
(956, 499),
(956, 502),
(956, 506),
(956, 507),
(956, 508),
(956, 509),
(956, 510),
(956, 513),
(956, 514),
(956, 515),
(956, 517),
(956, 518),
(956, 522),
(956, 524),
(956, 526),
(956, 527),
(956, 528),
(956, 529),
(956, 530),
(956, 534),
(956, 538),
(956, 539),
(956, 540),
(956, 541),
(956, 542),
(956, 543),
(956, 546),
(956, 551),
(956, 553),
(956, 554),
(956, 555),
(956, 556),
(956, 559),
(956, 567),
(956, 569),
(956, 570),
(956, 571),
(956, 576),
(956, 577),
(956, 579),
(956, 582),
(956, 584),
(956, 585),
(956, 586),
(956, 587),
(956, 589),
(956, 590),
(956, 593),
(956, 595),
(956, 597),
(956, 599),
(956, 600),
(957, 401),
(957, 402),
(957, 403),
(957, 404),
(957, 408),
(957, 409),
(957, 411),
(957, 413),
(957, 414),
(957, 418),
(957, 419),
(957, 421),
(957, 422),
(957, 424),
(957, 425),
(957, 426),
(957, 428),
(957, 438),
(957, 439),
(957, 444),
(957, 446),
(957, 447),
(957, 448),
(957, 449),
(957, 450),
(957, 453),
(957, 454),
(957, 455),
(957, 458),
(957, 460),
(957, 465),
(957, 466),
(957, 467),
(957, 469),
(957, 476),
(957, 478),
(957, 479),
(957, 483),
(957, 485),
(957, 486),
(957, 487),
(957, 488),
(957, 490),
(957, 491),
(957, 492),
(957, 494),
(957, 499),
(957, 501),
(957, 502),
(957, 503),
(957, 504),
(957, 507),
(957, 508),
(957, 510),
(957, 513),
(957, 514),
(957, 515),
(957, 516),
(957, 521),
(957, 522),
(957, 524),
(957, 525),
(957, 526),
(957, 531),
(957, 533),
(957, 538),
(957, 539),
(957, 540),
(957, 541),
(957, 542),
(957, 543),
(957, 544),
(957, 545),
(957, 546),
(957, 547),
(957, 548),
(957, 549),
(957, 550),
(957, 551),
(957, 552),
(957, 553),
(957, 556),
(957, 557),
(957, 559),
(957, 561),
(957, 565),
(957, 568),
(957, 569),
(957, 571),
(957, 572),
(957, 573),
(957, 575),
(957, 577),
(957, 580),
(957, 582),
(957, 584),
(957, 587),
(957, 591),
(957, 596),
(957, 599),
(958, 401),
(958, 404),
(958, 405),
(958, 406),
(958, 408),
(958, 409),
(958, 411),
(958, 412),
(958, 413),
(958, 414),
(958, 416),
(958, 417),
(958, 419),
(958, 420),
(958, 422),
(958, 427),
(958, 431),
(958, 432),
(958, 435),
(958, 437),
(958, 443),
(958, 448),
(958, 449),
(958, 451),
(958, 452),
(958, 454),
(958, 456),
(958, 459),
(958, 460),
(958, 461),
(958, 462),
(958, 463),
(958, 464),
(958, 466),
(958, 469),
(958, 473),
(958, 474),
(958, 478),
(958, 479),
(958, 480),
(958, 481),
(958, 482),
(958, 483),
(958, 484),
(958, 485),
(958, 488),
(958, 489),
(958, 491),
(958, 492),
(958, 494),
(958, 498),
(958, 502),
(958, 504),
(958, 505),
(958, 507),
(958, 509),
(958, 510),
(958, 511),
(958, 512),
(958, 513),
(958, 516),
(958, 518),
(958, 522),
(958, 523),
(958, 527),
(958, 528),
(958, 529),
(958, 530),
(958, 531),
(958, 533),
(958, 534),
(958, 538),
(958, 540),
(958, 543),
(958, 545),
(958, 547),
(958, 552),
(958, 553),
(958, 555),
(958, 556),
(958, 557),
(958, 562),
(958, 565),
(958, 567),
(958, 568),
(958, 569),
(958, 570),
(958, 571),
(958, 577),
(958, 584),
(958, 585),
(958, 586),
(958, 587),
(958, 588),
(958, 590),
(958, 592),
(958, 595),
(958, 597),
(958, 598),
(958, 599),
(959, 401),
(959, 403),
(959, 404),
(959, 406),
(959, 409),
(959, 411),
(959, 412),
(959, 417),
(959, 418),
(959, 419),
(959, 420),
(959, 424),
(959, 425),
(959, 426),
(959, 429),
(959, 430),
(959, 435),
(959, 439),
(959, 440),
(959, 442),
(959, 443),
(959, 444),
(959, 447),
(959, 448),
(959, 449),
(959, 457),
(959, 459),
(959, 461),
(959, 463),
(959, 464),
(959, 465),
(959, 466),
(959, 467),
(959, 471),
(959, 473),
(959, 474),
(959, 480),
(959, 482),
(959, 483),
(959, 484),
(959, 487),
(959, 488),
(959, 489),
(959, 490),
(959, 492),
(959, 495),
(959, 496),
(959, 497),
(959, 498),
(959, 500),
(959, 501),
(959, 502),
(959, 505),
(959, 506),
(959, 509),
(959, 513),
(959, 514),
(959, 516),
(959, 518),
(959, 519),
(959, 522),
(959, 524),
(959, 525),
(959, 526),
(959, 528),
(959, 529),
(959, 532),
(959, 533),
(959, 534),
(959, 535),
(959, 537),
(959, 539),
(959, 543),
(959, 545),
(959, 548),
(959, 549),
(959, 551),
(959, 553),
(959, 555),
(959, 558),
(959, 561),
(959, 562),
(959, 565),
(959, 567),
(959, 569),
(959, 572),
(959, 573),
(959, 575),
(959, 576),
(959, 577),
(959, 578),
(959, 582),
(959, 584),
(959, 585),
(959, 588),
(959, 591),
(959, 592),
(959, 593),
(959, 595),
(959, 597),
(960, 402),
(960, 403),
(960, 404),
(960, 409),
(960, 410),
(960, 412),
(960, 413),
(960, 414),
(960, 415),
(960, 416),
(960, 417),
(960, 420),
(960, 421),
(960, 422),
(960, 423),
(960, 424),
(960, 425),
(960, 426),
(960, 428),
(960, 430),
(960, 437),
(960, 440),
(960, 443),
(960, 444),
(960, 445),
(960, 446),
(960, 447),
(960, 448),
(960, 450),
(960, 455),
(960, 458),
(960, 459),
(960, 460),
(960, 466),
(960, 467),
(960, 469),
(960, 472),
(960, 475),
(960, 477),
(960, 478),
(960, 481),
(960, 482),
(960, 484),
(960, 489),
(960, 490),
(960, 491),
(960, 493),
(960, 495),
(960, 497),
(960, 498),
(960, 500),
(960, 501),
(960, 502),
(960, 503),
(960, 508),
(960, 509),
(960, 510),
(960, 513),
(960, 514),
(960, 516),
(960, 517),
(960, 518),
(960, 519),
(960, 522),
(960, 525),
(960, 527),
(960, 528),
(960, 535),
(960, 536),
(960, 538),
(960, 541),
(960, 544),
(960, 548),
(960, 549),
(960, 550),
(960, 551),
(960, 555),
(960, 559),
(960, 560),
(960, 561),
(960, 565),
(960, 566),
(960, 568),
(960, 569),
(960, 570),
(960, 572),
(960, 573),
(960, 574),
(960, 576),
(960, 577),
(960, 579),
(960, 581),
(960, 582),
(960, 583),
(960, 587),
(960, 588),
(960, 594),
(960, 596),
(960, 598),
(960, 600),
(961, 401),
(961, 405),
(961, 406),
(961, 407),
(961, 408),
(961, 411),
(961, 413),
(961, 414),
(961, 417),
(961, 420),
(961, 421),
(961, 422),
(961, 424),
(961, 426),
(961, 427),
(961, 430),
(961, 433),
(961, 439),
(961, 441),
(961, 442),
(961, 443),
(961, 447),
(961, 451),
(961, 453),
(961, 454),
(961, 458),
(961, 464),
(961, 467),
(961, 468),
(961, 469),
(961, 470),
(961, 471),
(961, 472),
(961, 474),
(961, 477),
(961, 479),
(961, 480),
(961, 482),
(961, 485),
(961, 486),
(961, 487),
(961, 489),
(961, 491),
(961, 493),
(961, 498),
(961, 499),
(961, 500),
(961, 501),
(961, 503),
(961, 504),
(961, 505),
(961, 506),
(961, 510),
(961, 514),
(961, 517),
(961, 518),
(961, 519),
(961, 522),
(961, 523),
(961, 524),
(961, 529),
(961, 532),
(961, 535),
(961, 537),
(961, 539),
(961, 541),
(961, 542),
(961, 543),
(961, 545),
(961, 547),
(961, 548),
(961, 550),
(961, 552),
(961, 554),
(961, 556),
(961, 557),
(961, 558),
(961, 559),
(961, 561),
(961, 562),
(961, 563),
(961, 567),
(961, 568),
(961, 573),
(961, 574),
(961, 578),
(961, 579),
(961, 580),
(961, 583),
(961, 584),
(961, 587),
(961, 588),
(961, 589),
(961, 590),
(961, 592),
(961, 594),
(961, 595),
(961, 597),
(961, 599),
(961, 600),
(962, 402),
(962, 403),
(962, 404),
(962, 406),
(962, 408),
(962, 410),
(962, 411),
(962, 412),
(962, 413),
(962, 416),
(962, 417),
(962, 420),
(962, 423),
(962, 426),
(962, 429),
(962, 431),
(962, 437),
(962, 441),
(962, 442),
(962, 443),
(962, 445),
(962, 447),
(962, 451),
(962, 455),
(962, 456),
(962, 458),
(962, 459),
(962, 461),
(962, 463),
(962, 467),
(962, 468),
(962, 469),
(962, 471),
(962, 472),
(962, 474),
(962, 475),
(962, 476),
(962, 477),
(962, 478),
(962, 482),
(962, 483),
(962, 484),
(962, 486),
(962, 491),
(962, 495),
(962, 496),
(962, 497),
(962, 498),
(962, 500),
(962, 501),
(962, 506),
(962, 507),
(962, 508),
(962, 509),
(962, 510),
(962, 511),
(962, 512),
(962, 513),
(962, 514),
(962, 517),
(962, 518),
(962, 522),
(962, 524),
(962, 525),
(962, 528),
(962, 529),
(962, 534),
(962, 535),
(962, 536),
(962, 537),
(962, 538),
(962, 539),
(962, 540),
(962, 541),
(962, 544),
(962, 546),
(962, 547),
(962, 548),
(962, 550),
(962, 551),
(962, 552),
(962, 554),
(962, 556),
(962, 558),
(962, 559),
(962, 560),
(962, 565),
(962, 569),
(962, 570),
(962, 573),
(962, 577),
(962, 578),
(962, 581),
(962, 584),
(962, 587),
(962, 589),
(962, 591),
(962, 597),
(962, 598),
(962, 599),
(963, 401),
(963, 408),
(963, 409),
(963, 412),
(963, 416),
(963, 417),
(963, 418),
(963, 422),
(963, 423),
(963, 427),
(963, 428),
(963, 429),
(963, 432),
(963, 433),
(963, 434),
(963, 436),
(963, 437),
(963, 440),
(963, 441),
(963, 442),
(963, 443),
(963, 445),
(963, 447),
(963, 454),
(963, 457),
(963, 459),
(963, 460),
(963, 465),
(963, 466),
(963, 467),
(963, 470),
(963, 472),
(963, 474),
(963, 478),
(963, 479),
(963, 480),
(963, 483),
(963, 485),
(963, 486),
(963, 487),
(963, 489),
(963, 490),
(963, 491),
(963, 497),
(963, 503),
(963, 505),
(963, 506),
(963, 509),
(963, 510),
(963, 511),
(963, 512),
(963, 513),
(963, 515),
(963, 517),
(963, 518),
(963, 519),
(963, 520),
(963, 521),
(963, 522),
(963, 527),
(963, 528),
(963, 530),
(963, 531),
(963, 532),
(963, 533),
(963, 534),
(963, 535),
(963, 536),
(963, 537),
(963, 539),
(963, 540),
(963, 543),
(963, 545),
(963, 546),
(963, 547),
(963, 550),
(963, 551),
(963, 552),
(963, 553),
(963, 554),
(963, 555),
(963, 563),
(963, 565),
(963, 567),
(963, 568),
(963, 569),
(963, 571),
(963, 573),
(963, 576),
(963, 579),
(963, 581),
(963, 584),
(963, 585),
(963, 590),
(963, 591),
(963, 593),
(963, 596),
(963, 597),
(963, 598),
(963, 599),
(964, 401),
(964, 402),
(964, 405),
(964, 407),
(964, 409),
(964, 412),
(964, 413),
(964, 416),
(964, 418),
(964, 424),
(964, 425),
(964, 428),
(964, 431),
(964, 434),
(964, 436),
(964, 438),
(964, 439),
(964, 441),
(964, 442),
(964, 443),
(964, 446),
(964, 448),
(964, 452),
(964, 456),
(964, 459),
(964, 461),
(964, 462),
(964, 463),
(964, 464),
(964, 466),
(964, 469),
(964, 470),
(964, 473),
(964, 474),
(964, 476),
(964, 477),
(964, 480),
(964, 481),
(964, 485),
(964, 486),
(964, 488),
(964, 491),
(964, 492),
(964, 493),
(964, 495),
(964, 500),
(964, 502),
(964, 503),
(964, 505),
(964, 506),
(964, 507),
(964, 508),
(964, 510),
(964, 512),
(964, 514),
(964, 515),
(964, 517),
(964, 518),
(964, 521),
(964, 522),
(964, 523),
(964, 526),
(964, 532),
(964, 533),
(964, 534),
(964, 536),
(964, 537),
(964, 538),
(964, 540),
(964, 543),
(964, 547),
(964, 550),
(964, 551),
(964, 552),
(964, 555),
(964, 558),
(964, 559),
(964, 561),
(964, 564),
(964, 565),
(964, 567),
(964, 568),
(964, 569),
(964, 570),
(964, 571),
(964, 572),
(964, 573),
(964, 575),
(964, 576),
(964, 577),
(964, 580),
(964, 581);
INSERT INTO `student_type_of_class` (`student_id`, `type_of_class_id`) VALUES
(964, 583),
(964, 586),
(964, 589),
(964, 592),
(964, 593),
(964, 595),
(964, 597),
(964, 600),
(965, 401),
(965, 403),
(965, 405),
(965, 408),
(965, 409),
(965, 410),
(965, 411),
(965, 412),
(965, 413),
(965, 415),
(965, 424),
(965, 425),
(965, 426),
(965, 428),
(965, 434),
(965, 435),
(965, 436),
(965, 439),
(965, 441),
(965, 443),
(965, 444),
(965, 447),
(965, 451),
(965, 452),
(965, 453),
(965, 459),
(965, 460),
(965, 464),
(965, 470),
(965, 471),
(965, 473),
(965, 476),
(965, 477),
(965, 478),
(965, 479),
(965, 481),
(965, 483),
(965, 486),
(965, 490),
(965, 491),
(965, 493),
(965, 495),
(965, 496),
(965, 497),
(965, 499),
(965, 500),
(965, 501),
(965, 503),
(965, 504),
(965, 506),
(965, 508),
(965, 511),
(965, 512),
(965, 515),
(965, 516),
(965, 518),
(965, 520),
(965, 522),
(965, 523),
(965, 524),
(965, 525),
(965, 528),
(965, 530),
(965, 531),
(965, 532),
(965, 535),
(965, 537),
(965, 538),
(965, 545),
(965, 546),
(965, 547),
(965, 548),
(965, 550),
(965, 551),
(965, 552),
(965, 553),
(965, 554),
(965, 556),
(965, 557),
(965, 559),
(965, 561),
(965, 562),
(965, 563),
(965, 566),
(965, 567),
(965, 569),
(965, 570),
(965, 573),
(965, 574),
(965, 578),
(965, 579),
(965, 580),
(965, 583),
(965, 584),
(965, 589),
(965, 592),
(965, 593),
(965, 594),
(965, 597),
(965, 599),
(966, 402),
(966, 403),
(966, 407),
(966, 410),
(966, 411),
(966, 412),
(966, 414),
(966, 417),
(966, 418),
(966, 420),
(966, 423),
(966, 427),
(966, 428),
(966, 431),
(966, 433),
(966, 434),
(966, 435),
(966, 436),
(966, 437),
(966, 438),
(966, 440),
(966, 441),
(966, 444),
(966, 446),
(966, 447),
(966, 448),
(966, 455),
(966, 456),
(966, 462),
(966, 465),
(966, 466),
(966, 468),
(966, 471),
(966, 472),
(966, 474),
(966, 478),
(966, 480),
(966, 481),
(966, 483),
(966, 485),
(966, 487),
(966, 490),
(966, 493),
(966, 495),
(966, 497),
(966, 499),
(966, 500),
(966, 501),
(966, 503),
(966, 504),
(966, 508),
(966, 509),
(966, 510),
(966, 511),
(966, 512),
(966, 516),
(966, 518),
(966, 523),
(966, 524),
(966, 528),
(966, 529),
(966, 531),
(966, 533),
(966, 536),
(966, 537),
(966, 538),
(966, 539),
(966, 541),
(966, 542),
(966, 544),
(966, 546),
(966, 547),
(966, 550),
(966, 551),
(966, 552),
(966, 555),
(966, 557),
(966, 559),
(966, 560),
(966, 564),
(966, 566),
(966, 567),
(966, 568),
(966, 570),
(966, 573),
(966, 574),
(966, 576),
(966, 581),
(966, 583),
(966, 587),
(966, 588),
(966, 589),
(966, 591),
(966, 592),
(966, 593),
(966, 594),
(966, 596),
(966, 597),
(966, 598),
(966, 599),
(967, 401),
(967, 402),
(967, 403),
(967, 404),
(967, 405),
(967, 407),
(967, 408),
(967, 410),
(967, 414),
(967, 416),
(967, 418),
(967, 419),
(967, 420),
(967, 421),
(967, 426),
(967, 427),
(967, 429),
(967, 431),
(967, 434),
(967, 439),
(967, 441),
(967, 442),
(967, 443),
(967, 445),
(967, 446),
(967, 447),
(967, 448),
(967, 449),
(967, 454),
(967, 455),
(967, 456),
(967, 457),
(967, 458),
(967, 462),
(967, 463),
(967, 466),
(967, 468),
(967, 469),
(967, 472),
(967, 476),
(967, 478),
(967, 480),
(967, 481),
(967, 484),
(967, 486),
(967, 489),
(967, 490),
(967, 493),
(967, 495),
(967, 499),
(967, 501),
(967, 504),
(967, 505),
(967, 507),
(967, 508),
(967, 509),
(967, 510),
(967, 511),
(967, 512),
(967, 513),
(967, 514),
(967, 515),
(967, 517),
(967, 518),
(967, 519),
(967, 521),
(967, 524),
(967, 526),
(967, 527),
(967, 534),
(967, 535),
(967, 538),
(967, 542),
(967, 545),
(967, 546),
(967, 547),
(967, 549),
(967, 550),
(967, 551),
(967, 555),
(967, 558),
(967, 559),
(967, 562),
(967, 563),
(967, 564),
(967, 565),
(967, 567),
(967, 570),
(967, 571),
(967, 575),
(967, 576),
(967, 581),
(967, 584),
(967, 586),
(967, 588),
(967, 590),
(967, 592),
(967, 593),
(967, 598),
(967, 600),
(968, 404),
(968, 406),
(968, 408),
(968, 409),
(968, 411),
(968, 414),
(968, 417),
(968, 420),
(968, 425),
(968, 426),
(968, 428),
(968, 429),
(968, 430),
(968, 431),
(968, 432),
(968, 433),
(968, 435),
(968, 436),
(968, 440),
(968, 442),
(968, 443),
(968, 444),
(968, 445),
(968, 446),
(968, 448),
(968, 450),
(968, 455),
(968, 456),
(968, 457),
(968, 461),
(968, 463),
(968, 464),
(968, 465),
(968, 466),
(968, 467),
(968, 468),
(968, 469),
(968, 473),
(968, 475),
(968, 478),
(968, 483),
(968, 484),
(968, 485),
(968, 488),
(968, 493),
(968, 497),
(968, 499),
(968, 500),
(968, 502),
(968, 506),
(968, 507),
(968, 508),
(968, 509),
(968, 513),
(968, 514),
(968, 518),
(968, 520),
(968, 522),
(968, 524),
(968, 525),
(968, 526),
(968, 529),
(968, 531),
(968, 532),
(968, 533),
(968, 534),
(968, 535),
(968, 537),
(968, 538),
(968, 540),
(968, 543),
(968, 544),
(968, 546),
(968, 549),
(968, 552),
(968, 553),
(968, 554),
(968, 557),
(968, 558),
(968, 559),
(968, 562),
(968, 563),
(968, 565),
(968, 569),
(968, 570),
(968, 571),
(968, 572),
(968, 575),
(968, 576),
(968, 577),
(968, 579),
(968, 580),
(968, 581),
(968, 582),
(968, 583),
(968, 585),
(968, 595),
(968, 596),
(968, 599),
(968, 600),
(969, 401),
(969, 402),
(969, 403),
(969, 405),
(969, 406),
(969, 407),
(969, 409),
(969, 411),
(969, 412),
(969, 414),
(969, 417),
(969, 419),
(969, 423),
(969, 424),
(969, 425),
(969, 426),
(969, 427),
(969, 430),
(969, 431),
(969, 432),
(969, 433),
(969, 434),
(969, 436),
(969, 437),
(969, 439),
(969, 440),
(969, 442),
(969, 447),
(969, 455),
(969, 456),
(969, 459),
(969, 461),
(969, 462),
(969, 463),
(969, 466),
(969, 467),
(969, 468),
(969, 471),
(969, 472),
(969, 473),
(969, 474),
(969, 475),
(969, 478),
(969, 480),
(969, 483),
(969, 486),
(969, 488),
(969, 491),
(969, 494),
(969, 495),
(969, 496),
(969, 497),
(969, 500),
(969, 502),
(969, 504),
(969, 505),
(969, 507),
(969, 509),
(969, 512),
(969, 517),
(969, 518),
(969, 519),
(969, 524),
(969, 528),
(969, 529),
(969, 530),
(969, 531),
(969, 535),
(969, 536),
(969, 541),
(969, 542),
(969, 544),
(969, 546),
(969, 547),
(969, 549),
(969, 550),
(969, 552),
(969, 554),
(969, 555),
(969, 556),
(969, 557),
(969, 561),
(969, 562),
(969, 563),
(969, 566),
(969, 567),
(969, 571),
(969, 574),
(969, 577),
(969, 579),
(969, 583),
(969, 584),
(969, 586),
(969, 587),
(969, 589),
(969, 592),
(969, 593),
(969, 596),
(969, 597),
(969, 600),
(970, 403),
(970, 406),
(970, 408),
(970, 410),
(970, 415),
(970, 419),
(970, 420),
(970, 421),
(970, 424),
(970, 426),
(970, 430),
(970, 431),
(970, 434),
(970, 435),
(970, 436),
(970, 438),
(970, 439),
(970, 443),
(970, 448),
(970, 449),
(970, 451),
(970, 452),
(970, 453),
(970, 454),
(970, 457),
(970, 458),
(970, 461),
(970, 462),
(970, 465),
(970, 468),
(970, 469),
(970, 470),
(970, 471),
(970, 474),
(970, 475),
(970, 476),
(970, 478),
(970, 481),
(970, 482),
(970, 484),
(970, 485),
(970, 486),
(970, 488),
(970, 490),
(970, 492),
(970, 493),
(970, 494),
(970, 497),
(970, 500),
(970, 501),
(970, 502),
(970, 503),
(970, 504),
(970, 507),
(970, 508),
(970, 510),
(970, 511),
(970, 512),
(970, 514),
(970, 516),
(970, 517),
(970, 520),
(970, 522),
(970, 524),
(970, 526),
(970, 530),
(970, 531),
(970, 532),
(970, 533),
(970, 534),
(970, 536),
(970, 537),
(970, 538),
(970, 539),
(970, 541),
(970, 543),
(970, 549),
(970, 551),
(970, 554),
(970, 556),
(970, 558),
(970, 559),
(970, 560),
(970, 563),
(970, 564),
(970, 565),
(970, 568),
(970, 570),
(970, 574),
(970, 576),
(970, 582),
(970, 584),
(970, 585),
(970, 586),
(970, 589),
(970, 592),
(970, 593),
(970, 596),
(970, 599),
(970, 600),
(971, 401),
(971, 402),
(971, 403),
(971, 405),
(971, 406),
(971, 408),
(971, 410),
(971, 413),
(971, 414),
(971, 415),
(971, 417),
(971, 418),
(971, 419),
(971, 420),
(971, 421),
(971, 425),
(971, 426),
(971, 427),
(971, 430),
(971, 439),
(971, 440),
(971, 441),
(971, 444),
(971, 445),
(971, 449),
(971, 451),
(971, 452),
(971, 453),
(971, 457),
(971, 458),
(971, 459),
(971, 461),
(971, 464),
(971, 466),
(971, 468),
(971, 469),
(971, 470),
(971, 472),
(971, 473),
(971, 475),
(971, 478),
(971, 480),
(971, 481),
(971, 482),
(971, 483),
(971, 484),
(971, 485),
(971, 487),
(971, 490),
(971, 495),
(971, 496),
(971, 498),
(971, 499),
(971, 507),
(971, 508),
(971, 510),
(971, 511),
(971, 514),
(971, 515),
(971, 519),
(971, 520),
(971, 522),
(971, 524),
(971, 526),
(971, 529),
(971, 530),
(971, 533),
(971, 536),
(971, 537),
(971, 539),
(971, 540),
(971, 541),
(971, 542),
(971, 544),
(971, 546),
(971, 548),
(971, 549),
(971, 550),
(971, 551),
(971, 553),
(971, 555),
(971, 556),
(971, 557),
(971, 558),
(971, 561),
(971, 562),
(971, 563),
(971, 568),
(971, 570),
(971, 575),
(971, 576),
(971, 577),
(971, 580),
(971, 584),
(971, 588),
(971, 589),
(971, 590),
(971, 591),
(971, 592),
(971, 596),
(972, 401),
(972, 402),
(972, 404),
(972, 405),
(972, 406),
(972, 407),
(972, 409),
(972, 411),
(972, 412),
(972, 413),
(972, 414),
(972, 415),
(972, 420),
(972, 423),
(972, 424),
(972, 429),
(972, 432),
(972, 434),
(972, 436),
(972, 437),
(972, 439),
(972, 441),
(972, 442),
(972, 443),
(972, 444),
(972, 445),
(972, 447),
(972, 448),
(972, 449),
(972, 451),
(972, 458),
(972, 459),
(972, 461),
(972, 466),
(972, 469),
(972, 471),
(972, 472),
(972, 473),
(972, 476),
(972, 477),
(972, 478),
(972, 480),
(972, 484),
(972, 485),
(972, 486),
(972, 488),
(972, 489),
(972, 490),
(972, 492),
(972, 493),
(972, 494),
(972, 496),
(972, 497),
(972, 499),
(972, 500),
(972, 505),
(972, 508),
(972, 509),
(972, 513),
(972, 519),
(972, 521),
(972, 522),
(972, 523),
(972, 524),
(972, 531),
(972, 533),
(972, 535),
(972, 537),
(972, 540),
(972, 542),
(972, 543),
(972, 545),
(972, 550),
(972, 551),
(972, 552),
(972, 553),
(972, 555),
(972, 556),
(972, 557),
(972, 558),
(972, 560),
(972, 561),
(972, 562),
(972, 564),
(972, 567),
(972, 569),
(972, 575),
(972, 576),
(972, 577),
(972, 580),
(972, 584),
(972, 589),
(972, 590),
(972, 591),
(972, 592),
(972, 594),
(972, 595),
(972, 596),
(972, 598),
(972, 599),
(973, 404),
(973, 406),
(973, 407),
(973, 408),
(973, 412),
(973, 414),
(973, 415),
(973, 416),
(973, 419),
(973, 421),
(973, 422),
(973, 423),
(973, 424),
(973, 426),
(973, 427),
(973, 428),
(973, 429),
(973, 431),
(973, 433),
(973, 435),
(973, 436),
(973, 440),
(973, 441),
(973, 445),
(973, 447),
(973, 448),
(973, 449),
(973, 451),
(973, 452),
(973, 456),
(973, 460),
(973, 461),
(973, 467),
(973, 469),
(973, 470),
(973, 471),
(973, 472),
(973, 474),
(973, 478),
(973, 480),
(973, 482),
(973, 486),
(973, 487),
(973, 490),
(973, 491),
(973, 496),
(973, 499),
(973, 502),
(973, 503),
(973, 505),
(973, 506),
(973, 507),
(973, 510),
(973, 516),
(973, 518),
(973, 519),
(973, 521),
(973, 522),
(973, 524),
(973, 525),
(973, 527),
(973, 528),
(973, 529),
(973, 530),
(973, 532),
(973, 533),
(973, 537),
(973, 540),
(973, 542),
(973, 544),
(973, 545),
(973, 546),
(973, 551),
(973, 552),
(973, 553),
(973, 556),
(973, 557),
(973, 559),
(973, 562),
(973, 564),
(973, 565),
(973, 570),
(973, 574),
(973, 575),
(973, 579),
(973, 581),
(973, 582),
(973, 584),
(973, 586),
(973, 587),
(973, 588),
(973, 589),
(973, 590),
(973, 591),
(973, 593),
(973, 594),
(973, 595),
(973, 597),
(973, 598),
(973, 599),
(974, 401),
(974, 404),
(974, 406),
(974, 410),
(974, 411),
(974, 412),
(974, 413),
(974, 417),
(974, 418),
(974, 419),
(974, 426),
(974, 427),
(974, 428),
(974, 431),
(974, 432),
(974, 434),
(974, 435),
(974, 437),
(974, 438),
(974, 439),
(974, 441),
(974, 442),
(974, 444),
(974, 445),
(974, 446),
(974, 448),
(974, 451),
(974, 454),
(974, 457),
(974, 458),
(974, 459),
(974, 460),
(974, 462),
(974, 464),
(974, 465),
(974, 467),
(974, 468),
(974, 469),
(974, 470),
(974, 471),
(974, 472),
(974, 473),
(974, 474),
(974, 478),
(974, 479),
(974, 483),
(974, 484),
(974, 485),
(974, 487),
(974, 488),
(974, 491),
(974, 494),
(974, 495),
(974, 501),
(974, 503),
(974, 511),
(974, 513),
(974, 515),
(974, 517),
(974, 519),
(974, 520),
(974, 521),
(974, 523),
(974, 526),
(974, 528),
(974, 534),
(974, 535),
(974, 537),
(974, 538),
(974, 539),
(974, 541),
(974, 542),
(974, 543),
(974, 545),
(974, 546),
(974, 547),
(974, 550),
(974, 555),
(974, 557),
(974, 558),
(974, 560),
(974, 561),
(974, 566),
(974, 567),
(974, 569),
(974, 571),
(974, 572),
(974, 573),
(974, 574),
(974, 578),
(974, 583),
(974, 584),
(974, 585),
(974, 590),
(974, 591),
(974, 594),
(974, 595),
(974, 596),
(974, 599),
(974, 600),
(975, 401),
(975, 404),
(975, 405),
(975, 408),
(975, 409),
(975, 411),
(975, 413),
(975, 414),
(975, 417),
(975, 418),
(975, 420),
(975, 422),
(975, 423),
(975, 425),
(975, 428),
(975, 430),
(975, 431),
(975, 433),
(975, 436),
(975, 437),
(975, 438),
(975, 439),
(975, 440),
(975, 441),
(975, 444),
(975, 447),
(975, 448),
(975, 453),
(975, 464),
(975, 466),
(975, 469),
(975, 470),
(975, 473),
(975, 474),
(975, 475),
(975, 476),
(975, 477),
(975, 478),
(975, 480),
(975, 481),
(975, 483),
(975, 486),
(975, 490),
(975, 493),
(975, 498),
(975, 500),
(975, 502),
(975, 505),
(975, 507),
(975, 508),
(975, 511),
(975, 512),
(975, 513),
(975, 514),
(975, 515),
(975, 517),
(975, 519),
(975, 522),
(975, 523),
(975, 524),
(975, 525),
(975, 528),
(975, 530),
(975, 535),
(975, 537),
(975, 541),
(975, 542),
(975, 543),
(975, 544),
(975, 548),
(975, 549),
(975, 550),
(975, 551),
(975, 553),
(975, 556),
(975, 557),
(975, 558),
(975, 559),
(975, 560),
(975, 561),
(975, 564),
(975, 566),
(975, 567),
(975, 568),
(975, 569),
(975, 571),
(975, 573),
(975, 574),
(975, 576),
(975, 577),
(975, 578),
(975, 579),
(975, 582),
(975, 584),
(975, 587),
(975, 589),
(975, 590),
(975, 594),
(975, 595),
(975, 599),
(976, 401),
(976, 402),
(976, 407),
(976, 409),
(976, 410),
(976, 411),
(976, 412),
(976, 416),
(976, 417),
(976, 419),
(976, 420),
(976, 421),
(976, 422),
(976, 424),
(976, 425),
(976, 427),
(976, 429),
(976, 430),
(976, 431),
(976, 432),
(976, 434),
(976, 435),
(976, 436),
(976, 441),
(976, 442),
(976, 444),
(976, 446),
(976, 447),
(976, 449),
(976, 450),
(976, 451),
(976, 455),
(976, 458),
(976, 459),
(976, 463),
(976, 465),
(976, 467),
(976, 468),
(976, 469),
(976, 473),
(976, 475),
(976, 476),
(976, 477),
(976, 478),
(976, 479),
(976, 480),
(976, 486),
(976, 488),
(976, 490),
(976, 492),
(976, 493),
(976, 494),
(976, 496),
(976, 497),
(976, 499),
(976, 502),
(976, 503),
(976, 504),
(976, 505),
(976, 507),
(976, 511),
(976, 512),
(976, 514),
(976, 517),
(976, 519),
(976, 522),
(976, 523),
(976, 525),
(976, 528),
(976, 530),
(976, 532),
(976, 535),
(976, 538),
(976, 540),
(976, 541),
(976, 547),
(976, 548),
(976, 549),
(976, 555),
(976, 556),
(976, 560),
(976, 563),
(976, 567),
(976, 568),
(976, 569),
(976, 570),
(976, 571),
(976, 575),
(976, 578),
(976, 579),
(976, 581),
(976, 582),
(976, 583),
(976, 586),
(976, 589),
(976, 590),
(976, 594),
(976, 596),
(976, 599),
(976, 600),
(977, 401),
(977, 402),
(977, 404),
(977, 407),
(977, 410),
(977, 411),
(977, 414),
(977, 419),
(977, 422),
(977, 423),
(977, 427),
(977, 428),
(977, 429),
(977, 431),
(977, 432),
(977, 433),
(977, 435),
(977, 437),
(977, 439),
(977, 442),
(977, 444),
(977, 445),
(977, 446),
(977, 448),
(977, 450),
(977, 453),
(977, 458),
(977, 459),
(977, 460),
(977, 461),
(977, 463),
(977, 464),
(977, 468),
(977, 469),
(977, 470),
(977, 473),
(977, 476),
(977, 479),
(977, 480),
(977, 482),
(977, 484),
(977, 485),
(977, 486),
(977, 487),
(977, 488),
(977, 489),
(977, 491),
(977, 492),
(977, 493),
(977, 494),
(977, 496),
(977, 497),
(977, 501),
(977, 502),
(977, 506),
(977, 516),
(977, 517),
(977, 518),
(977, 519),
(977, 523),
(977, 524),
(977, 525),
(977, 529),
(977, 532),
(977, 533),
(977, 536),
(977, 538),
(977, 539),
(977, 541),
(977, 546),
(977, 547),
(977, 548),
(977, 549),
(977, 550),
(977, 551),
(977, 552),
(977, 553),
(977, 554),
(977, 556),
(977, 562),
(977, 563),
(977, 564),
(977, 565),
(977, 571),
(977, 576),
(977, 578),
(977, 579),
(977, 581),
(977, 583),
(977, 584),
(977, 585),
(977, 586),
(977, 588),
(977, 589),
(977, 592),
(977, 595),
(977, 596),
(977, 598),
(977, 599),
(977, 600),
(978, 401),
(978, 403),
(978, 404),
(978, 405),
(978, 407),
(978, 408),
(978, 409),
(978, 413),
(978, 414),
(978, 417),
(978, 420),
(978, 422),
(978, 426),
(978, 427),
(978, 430),
(978, 434),
(978, 435),
(978, 436),
(978, 437),
(978, 439),
(978, 444),
(978, 447),
(978, 448),
(978, 449),
(978, 450),
(978, 452),
(978, 453),
(978, 454),
(978, 455),
(978, 457),
(978, 459),
(978, 464),
(978, 466),
(978, 468),
(978, 470),
(978, 472),
(978, 473),
(978, 476),
(978, 480),
(978, 481),
(978, 483),
(978, 486),
(978, 488),
(978, 489),
(978, 491),
(978, 492),
(978, 495),
(978, 497),
(978, 501),
(978, 502),
(978, 506),
(978, 509),
(978, 510),
(978, 513),
(978, 514),
(978, 515),
(978, 519),
(978, 524),
(978, 525),
(978, 530),
(978, 531),
(978, 532),
(978, 533),
(978, 536),
(978, 537),
(978, 538),
(978, 540),
(978, 543),
(978, 544),
(978, 546),
(978, 547),
(978, 548),
(978, 549),
(978, 552),
(978, 554),
(978, 555),
(978, 558),
(978, 559),
(978, 560),
(978, 561),
(978, 562),
(978, 564),
(978, 565),
(978, 566),
(978, 567),
(978, 571),
(978, 572),
(978, 573),
(978, 574),
(978, 576),
(978, 580),
(978, 584),
(978, 585),
(978, 586),
(978, 587),
(978, 588),
(978, 590),
(978, 592),
(978, 599),
(978, 600),
(979, 401),
(979, 402),
(979, 403),
(979, 410),
(979, 412),
(979, 413),
(979, 417),
(979, 418),
(979, 419),
(979, 420),
(979, 421),
(979, 424),
(979, 430),
(979, 437),
(979, 439),
(979, 441),
(979, 442),
(979, 443),
(979, 444),
(979, 445),
(979, 447),
(979, 455),
(979, 458),
(979, 459),
(979, 461),
(979, 462),
(979, 471),
(979, 472),
(979, 473),
(979, 474),
(979, 476),
(979, 477),
(979, 479),
(979, 480),
(979, 483),
(979, 484),
(979, 487),
(979, 488),
(979, 489),
(979, 490),
(979, 491),
(979, 492),
(979, 493),
(979, 495),
(979, 497),
(979, 499),
(979, 500),
(979, 501),
(979, 502),
(979, 503),
(979, 507),
(979, 510),
(979, 513),
(979, 514),
(979, 517),
(979, 520),
(979, 522),
(979, 524),
(979, 525),
(979, 527),
(979, 530),
(979, 532),
(979, 536),
(979, 539),
(979, 540),
(979, 541),
(979, 542),
(979, 544),
(979, 547),
(979, 548),
(979, 549),
(979, 552),
(979, 554),
(979, 555),
(979, 556),
(979, 557),
(979, 563),
(979, 564),
(979, 566),
(979, 567),
(979, 571),
(979, 572),
(979, 573),
(979, 579),
(979, 580),
(979, 581),
(979, 582),
(979, 583),
(979, 584),
(979, 586),
(979, 587),
(979, 588),
(979, 589),
(979, 590),
(979, 591),
(979, 593),
(979, 595),
(979, 597),
(979, 598),
(979, 600),
(980, 401),
(980, 402),
(980, 406),
(980, 410),
(980, 411),
(980, 413),
(980, 415),
(980, 421),
(980, 422),
(980, 425),
(980, 426),
(980, 429),
(980, 432),
(980, 435),
(980, 437),
(980, 441),
(980, 442),
(980, 443),
(980, 444),
(980, 446),
(980, 448),
(980, 449),
(980, 451),
(980, 452),
(980, 454),
(980, 456),
(980, 459),
(980, 462),
(980, 464),
(980, 465),
(980, 468),
(980, 469),
(980, 471),
(980, 472),
(980, 473),
(980, 475),
(980, 476),
(980, 479),
(980, 480),
(980, 481),
(980, 483),
(980, 485),
(980, 486),
(980, 487),
(980, 488),
(980, 489),
(980, 491),
(980, 496),
(980, 497),
(980, 498),
(980, 499),
(980, 501),
(980, 502),
(980, 503),
(980, 506),
(980, 507),
(980, 509),
(980, 510),
(980, 511),
(980, 513),
(980, 515),
(980, 519),
(980, 520),
(980, 525),
(980, 526),
(980, 529),
(980, 530),
(980, 533),
(980, 536),
(980, 537),
(980, 538),
(980, 540),
(980, 541),
(980, 545),
(980, 546),
(980, 547),
(980, 549),
(980, 551),
(980, 554),
(980, 555),
(980, 556),
(980, 560),
(980, 561),
(980, 570),
(980, 571),
(980, 574),
(980, 575),
(980, 576),
(980, 577),
(980, 578),
(980, 582),
(980, 583),
(980, 585),
(980, 587),
(980, 589),
(980, 592),
(980, 596),
(980, 597),
(980, 598),
(980, 599),
(981, 402),
(981, 403),
(981, 408),
(981, 409),
(981, 410),
(981, 411),
(981, 412),
(981, 414),
(981, 416),
(981, 418),
(981, 419),
(981, 420),
(981, 423),
(981, 424),
(981, 426),
(981, 427),
(981, 430),
(981, 434),
(981, 438),
(981, 441),
(981, 443),
(981, 447),
(981, 449),
(981, 452),
(981, 454),
(981, 456),
(981, 457),
(981, 459),
(981, 460),
(981, 465),
(981, 466),
(981, 468),
(981, 469),
(981, 470),
(981, 471),
(981, 472),
(981, 473),
(981, 474),
(981, 475),
(981, 476),
(981, 477),
(981, 480),
(981, 481),
(981, 485),
(981, 486),
(981, 489),
(981, 492),
(981, 493),
(981, 500),
(981, 501),
(981, 504),
(981, 505),
(981, 506),
(981, 507),
(981, 508),
(981, 510),
(981, 511),
(981, 518),
(981, 520),
(981, 521),
(981, 522),
(981, 524),
(981, 527),
(981, 528),
(981, 529),
(981, 530),
(981, 531),
(981, 535),
(981, 538),
(981, 539),
(981, 540),
(981, 542),
(981, 544),
(981, 549),
(981, 550),
(981, 555),
(981, 558),
(981, 560),
(981, 561),
(981, 563),
(981, 565),
(981, 567),
(981, 570),
(981, 571),
(981, 572),
(981, 574),
(981, 575),
(981, 576),
(981, 577),
(981, 579),
(981, 582),
(981, 583),
(981, 585),
(981, 586),
(981, 592),
(981, 593),
(981, 596),
(981, 597),
(981, 598),
(981, 599),
(982, 404),
(982, 406),
(982, 407),
(982, 409),
(982, 411),
(982, 412),
(982, 414),
(982, 415),
(982, 417),
(982, 422),
(982, 424),
(982, 425),
(982, 427),
(982, 428),
(982, 430),
(982, 431),
(982, 434),
(982, 435),
(982, 437),
(982, 439),
(982, 442),
(982, 444),
(982, 447),
(982, 450),
(982, 451),
(982, 454),
(982, 456),
(982, 463),
(982, 464),
(982, 466),
(982, 467),
(982, 468),
(982, 473),
(982, 475),
(982, 476),
(982, 479),
(982, 482),
(982, 484),
(982, 486),
(982, 487),
(982, 488),
(982, 491),
(982, 498),
(982, 499),
(982, 500),
(982, 502),
(982, 503),
(982, 505),
(982, 506),
(982, 507),
(982, 508),
(982, 510),
(982, 512),
(982, 513),
(982, 514),
(982, 518),
(982, 524),
(982, 525),
(982, 528),
(982, 531),
(982, 533),
(982, 536),
(982, 538),
(982, 540),
(982, 543),
(982, 544),
(982, 546),
(982, 547),
(982, 549),
(982, 550),
(982, 551),
(982, 552),
(982, 554),
(982, 555),
(982, 560),
(982, 561),
(982, 566),
(982, 567),
(982, 568),
(982, 569),
(982, 570),
(982, 573),
(982, 575),
(982, 577),
(982, 578),
(982, 579),
(982, 580),
(982, 581),
(982, 582),
(982, 585),
(982, 586),
(982, 589),
(982, 590),
(982, 592),
(982, 593),
(982, 594),
(982, 595),
(982, 596),
(982, 598),
(982, 599),
(983, 402),
(983, 405),
(983, 408),
(983, 409),
(983, 410),
(983, 411),
(983, 412),
(983, 414),
(983, 417),
(983, 418),
(983, 419),
(983, 420),
(983, 425),
(983, 428),
(983, 432),
(983, 434),
(983, 436),
(983, 438),
(983, 440),
(983, 441),
(983, 442),
(983, 443),
(983, 446),
(983, 447),
(983, 450),
(983, 451),
(983, 452),
(983, 453),
(983, 454),
(983, 457),
(983, 458),
(983, 462),
(983, 464),
(983, 467),
(983, 472),
(983, 473),
(983, 475),
(983, 479),
(983, 481),
(983, 484),
(983, 485),
(983, 486),
(983, 488),
(983, 491),
(983, 493),
(983, 494),
(983, 495),
(983, 501),
(983, 502),
(983, 503),
(983, 508),
(983, 509),
(983, 512),
(983, 515),
(983, 516),
(983, 519),
(983, 523),
(983, 526),
(983, 528),
(983, 530),
(983, 531),
(983, 532),
(983, 533),
(983, 536),
(983, 538),
(983, 540),
(983, 542),
(983, 544),
(983, 545),
(983, 546),
(983, 548),
(983, 550),
(983, 551),
(983, 552),
(983, 553),
(983, 554),
(983, 556),
(983, 560),
(983, 561),
(983, 564),
(983, 571),
(983, 573),
(983, 574),
(983, 576),
(983, 581),
(983, 582),
(983, 583),
(983, 584),
(983, 586),
(983, 587),
(983, 588),
(983, 590),
(983, 591),
(983, 594),
(983, 595),
(983, 596),
(983, 597),
(983, 598),
(983, 599),
(983, 600),
(984, 403),
(984, 405),
(984, 408),
(984, 410),
(984, 411),
(984, 416),
(984, 417),
(984, 418),
(984, 420),
(984, 421),
(984, 422),
(984, 428),
(984, 430),
(984, 433),
(984, 436),
(984, 437),
(984, 438),
(984, 439),
(984, 440),
(984, 441),
(984, 442),
(984, 443),
(984, 445),
(984, 448),
(984, 450),
(984, 451),
(984, 452),
(984, 453),
(984, 454),
(984, 457),
(984, 458),
(984, 460),
(984, 462),
(984, 466),
(984, 467),
(984, 468),
(984, 470),
(984, 473),
(984, 474),
(984, 476),
(984, 477),
(984, 479),
(984, 480),
(984, 482),
(984, 486),
(984, 487),
(984, 488),
(984, 490),
(984, 495),
(984, 498),
(984, 500),
(984, 501),
(984, 502),
(984, 506),
(984, 507),
(984, 508),
(984, 510),
(984, 512),
(984, 513),
(984, 515),
(984, 516),
(984, 517),
(984, 520),
(984, 521),
(984, 523),
(984, 524),
(984, 525),
(984, 527),
(984, 530),
(984, 532),
(984, 534),
(984, 537),
(984, 544),
(984, 547),
(984, 549),
(984, 550),
(984, 551),
(984, 553),
(984, 558),
(984, 560),
(984, 562),
(984, 563),
(984, 564),
(984, 566),
(984, 567),
(984, 568),
(984, 569),
(984, 571),
(984, 573),
(984, 578),
(984, 580),
(984, 585),
(984, 586),
(984, 589),
(984, 591),
(984, 592),
(984, 593),
(984, 594),
(984, 595),
(984, 596),
(985, 401),
(985, 406),
(985, 409),
(985, 410),
(985, 411),
(985, 412),
(985, 416),
(985, 418),
(985, 419),
(985, 421),
(985, 422),
(985, 423),
(985, 424),
(985, 425),
(985, 428),
(985, 431),
(985, 433),
(985, 436),
(985, 437),
(985, 439),
(985, 441),
(985, 442),
(985, 444),
(985, 446),
(985, 448),
(985, 451),
(985, 453),
(985, 455),
(985, 456),
(985, 461),
(985, 462),
(985, 464),
(985, 467),
(985, 470),
(985, 474),
(985, 477),
(985, 482),
(985, 486),
(985, 487),
(985, 488),
(985, 489),
(985, 491),
(985, 495),
(985, 496),
(985, 498),
(985, 502),
(985, 503),
(985, 504),
(985, 507),
(985, 509),
(985, 510),
(985, 512),
(985, 513),
(985, 515),
(985, 519),
(985, 522),
(985, 523),
(985, 525),
(985, 526),
(985, 527),
(985, 528),
(985, 529),
(985, 532),
(985, 537),
(985, 538),
(985, 541),
(985, 544),
(985, 545),
(985, 546),
(985, 547),
(985, 548),
(985, 549),
(985, 550),
(985, 551),
(985, 553),
(985, 555),
(985, 559),
(985, 560),
(985, 562),
(985, 563),
(985, 568),
(985, 572),
(985, 573),
(985, 574),
(985, 575),
(985, 577),
(985, 578),
(985, 579),
(985, 580),
(985, 581),
(985, 582),
(985, 583),
(985, 584),
(985, 588),
(985, 592),
(985, 593),
(985, 594),
(985, 595),
(985, 596),
(985, 599),
(986, 404),
(986, 405),
(986, 407),
(986, 409),
(986, 410),
(986, 417),
(986, 418),
(986, 419),
(986, 421),
(986, 422),
(986, 423),
(986, 424),
(986, 428),
(986, 429),
(986, 430),
(986, 432),
(986, 435),
(986, 437),
(986, 440),
(986, 441),
(986, 442),
(986, 443),
(986, 444),
(986, 446),
(986, 449),
(986, 450),
(986, 457),
(986, 458),
(986, 459),
(986, 460),
(986, 462),
(986, 464),
(986, 465),
(986, 466),
(986, 467),
(986, 468),
(986, 469),
(986, 471),
(986, 472),
(986, 473),
(986, 474),
(986, 475),
(986, 479),
(986, 480),
(986, 481),
(986, 482),
(986, 483),
(986, 490),
(986, 495),
(986, 497),
(986, 498),
(986, 505),
(986, 507),
(986, 508),
(986, 510),
(986, 511),
(986, 512),
(986, 514),
(986, 515),
(986, 517),
(986, 519),
(986, 522),
(986, 523),
(986, 524),
(986, 525),
(986, 527),
(986, 528),
(986, 529),
(986, 531),
(986, 533),
(986, 534),
(986, 535),
(986, 541),
(986, 542),
(986, 543),
(986, 549),
(986, 550),
(986, 553),
(986, 557),
(986, 559),
(986, 561),
(986, 562),
(986, 566),
(986, 568),
(986, 572),
(986, 574),
(986, 575),
(986, 576),
(986, 578),
(986, 580),
(986, 582),
(986, 584),
(986, 585),
(986, 587),
(986, 588),
(986, 589),
(986, 591),
(986, 596),
(986, 597),
(986, 600),
(987, 405),
(987, 406),
(987, 407),
(987, 408),
(987, 409),
(987, 410),
(987, 411),
(987, 412),
(987, 415),
(987, 417),
(987, 418),
(987, 419),
(987, 424),
(987, 427),
(987, 428),
(987, 429),
(987, 430),
(987, 431),
(987, 434),
(987, 435),
(987, 436),
(987, 439),
(987, 442),
(987, 445),
(987, 446),
(987, 447),
(987, 452),
(987, 453),
(987, 456),
(987, 458),
(987, 461),
(987, 462),
(987, 463),
(987, 464),
(987, 465),
(987, 466),
(987, 467),
(987, 469),
(987, 470),
(987, 472),
(987, 475),
(987, 477),
(987, 478),
(987, 483),
(987, 486),
(987, 487),
(987, 488),
(987, 491),
(987, 493),
(987, 495),
(987, 496),
(987, 499),
(987, 501),
(987, 506),
(987, 508),
(987, 509),
(987, 511),
(987, 512),
(987, 514),
(987, 516),
(987, 518),
(987, 519),
(987, 520),
(987, 522),
(987, 525),
(987, 529),
(987, 530),
(987, 531),
(987, 532),
(987, 533),
(987, 535),
(987, 536),
(987, 538),
(987, 539),
(987, 540),
(987, 541),
(987, 543),
(987, 544),
(987, 545),
(987, 546),
(987, 548),
(987, 549),
(987, 553),
(987, 555),
(987, 556),
(987, 560),
(987, 561),
(987, 564),
(987, 566),
(987, 572),
(987, 574),
(987, 575),
(987, 578),
(987, 579),
(987, 583),
(987, 591),
(987, 595),
(987, 596),
(987, 598),
(987, 600),
(988, 402),
(988, 403),
(988, 407),
(988, 408),
(988, 409),
(988, 410),
(988, 412),
(988, 413),
(988, 414),
(988, 416),
(988, 417),
(988, 420),
(988, 422),
(988, 424),
(988, 430),
(988, 438),
(988, 439),
(988, 442),
(988, 443),
(988, 446),
(988, 448),
(988, 451),
(988, 452),
(988, 453),
(988, 455),
(988, 456),
(988, 457),
(988, 460),
(988, 465),
(988, 466),
(988, 470),
(988, 471),
(988, 473),
(988, 475),
(988, 477),
(988, 479),
(988, 482),
(988, 485),
(988, 486),
(988, 488),
(988, 493),
(988, 494),
(988, 495),
(988, 501),
(988, 505),
(988, 506),
(988, 508),
(988, 509),
(988, 511),
(988, 515),
(988, 516),
(988, 519),
(988, 520),
(988, 524),
(988, 525),
(988, 529),
(988, 530),
(988, 532),
(988, 534),
(988, 535),
(988, 536),
(988, 537),
(988, 538),
(988, 539),
(988, 541),
(988, 547),
(988, 548),
(988, 550),
(988, 552),
(988, 556),
(988, 557),
(988, 558),
(988, 559),
(988, 562),
(988, 563),
(988, 566),
(988, 568),
(988, 569),
(988, 570),
(988, 572),
(988, 573),
(988, 575),
(988, 576),
(988, 577),
(988, 579),
(988, 580),
(988, 581),
(988, 584),
(988, 585),
(988, 587),
(988, 588),
(988, 589),
(988, 590),
(988, 591),
(988, 595),
(988, 596),
(988, 597),
(988, 598),
(988, 599),
(988, 600),
(989, 401),
(989, 409),
(989, 412),
(989, 414),
(989, 415),
(989, 416),
(989, 419),
(989, 421),
(989, 425),
(989, 426),
(989, 427),
(989, 429),
(989, 432),
(989, 433),
(989, 436),
(989, 438),
(989, 439),
(989, 440),
(989, 441),
(989, 442),
(989, 445),
(989, 447),
(989, 453),
(989, 454),
(989, 457),
(989, 462),
(989, 463),
(989, 464),
(989, 465),
(989, 467),
(989, 469),
(989, 471),
(989, 472),
(989, 475),
(989, 476),
(989, 478),
(989, 479),
(989, 481),
(989, 482),
(989, 483),
(989, 488),
(989, 491),
(989, 492),
(989, 494),
(989, 496),
(989, 497),
(989, 498),
(989, 501),
(989, 502),
(989, 505),
(989, 507),
(989, 509),
(989, 510),
(989, 511),
(989, 512),
(989, 514),
(989, 515),
(989, 516),
(989, 521),
(989, 523),
(989, 524),
(989, 526),
(989, 527),
(989, 528),
(989, 533),
(989, 538),
(989, 541),
(989, 543),
(989, 545),
(989, 550),
(989, 551),
(989, 556),
(989, 557),
(989, 560),
(989, 561),
(989, 563),
(989, 565),
(989, 566),
(989, 567),
(989, 568),
(989, 569),
(989, 570),
(989, 571),
(989, 573),
(989, 574),
(989, 576),
(989, 577),
(989, 579),
(989, 582),
(989, 585),
(989, 586),
(989, 589),
(989, 590),
(989, 591),
(989, 592),
(989, 593),
(989, 594),
(989, 596),
(989, 598),
(989, 599),
(990, 402),
(990, 405),
(990, 410),
(990, 411),
(990, 412),
(990, 414),
(990, 416),
(990, 418),
(990, 421),
(990, 424),
(990, 425),
(990, 431),
(990, 432),
(990, 434),
(990, 435),
(990, 436),
(990, 437),
(990, 440),
(990, 443),
(990, 447),
(990, 448),
(990, 449),
(990, 450),
(990, 451),
(990, 454),
(990, 456),
(990, 457),
(990, 461),
(990, 464),
(990, 465),
(990, 466),
(990, 468),
(990, 469),
(990, 472),
(990, 474),
(990, 476),
(990, 478),
(990, 479),
(990, 480),
(990, 481),
(990, 482),
(990, 483),
(990, 484),
(990, 485),
(990, 486),
(990, 487),
(990, 489),
(990, 490),
(990, 491),
(990, 493),
(990, 494),
(990, 495),
(990, 496),
(990, 497),
(990, 499),
(990, 502),
(990, 504),
(990, 505),
(990, 508),
(990, 509),
(990, 513),
(990, 517),
(990, 519),
(990, 520),
(990, 521),
(990, 526),
(990, 528),
(990, 530),
(990, 531),
(990, 532),
(990, 533),
(990, 534),
(990, 538),
(990, 540),
(990, 542),
(990, 544),
(990, 545),
(990, 548),
(990, 549),
(990, 552),
(990, 554),
(990, 556),
(990, 558),
(990, 559),
(990, 560),
(990, 561),
(990, 562),
(990, 566),
(990, 567),
(990, 568),
(990, 569),
(990, 570),
(990, 574),
(990, 575),
(990, 579),
(990, 581),
(990, 582),
(990, 586),
(990, 593),
(990, 595),
(991, 404),
(991, 407),
(991, 410),
(991, 411),
(991, 413),
(991, 414),
(991, 417),
(991, 421),
(991, 423),
(991, 427),
(991, 429),
(991, 432),
(991, 433),
(991, 437),
(991, 438),
(991, 441),
(991, 442),
(991, 447),
(991, 448),
(991, 449),
(991, 451),
(991, 452),
(991, 454),
(991, 455),
(991, 459),
(991, 461),
(991, 462),
(991, 464),
(991, 465),
(991, 466),
(991, 467),
(991, 470),
(991, 472),
(991, 473),
(991, 475),
(991, 477),
(991, 478),
(991, 479),
(991, 481),
(991, 484),
(991, 487),
(991, 488),
(991, 490),
(991, 491),
(991, 492),
(991, 494),
(991, 495),
(991, 501),
(991, 502),
(991, 503),
(991, 505),
(991, 506),
(991, 508),
(991, 509),
(991, 510),
(991, 511),
(991, 512),
(991, 515),
(991, 517),
(991, 518),
(991, 520),
(991, 525),
(991, 526),
(991, 528),
(991, 530),
(991, 534),
(991, 537),
(991, 539),
(991, 541),
(991, 542),
(991, 544),
(991, 547),
(991, 548),
(991, 549),
(991, 551),
(991, 552),
(991, 553),
(991, 558),
(991, 559),
(991, 560),
(991, 561),
(991, 563),
(991, 566),
(991, 567),
(991, 568),
(991, 571),
(991, 573),
(991, 576),
(991, 580),
(991, 581),
(991, 582),
(991, 585),
(991, 586),
(991, 587),
(991, 588),
(991, 590),
(991, 591),
(991, 593),
(991, 597),
(991, 598),
(992, 401),
(992, 403),
(992, 404),
(992, 405),
(992, 408),
(992, 409),
(992, 411),
(992, 414),
(992, 417),
(992, 420),
(992, 421),
(992, 422),
(992, 423),
(992, 424),
(992, 427),
(992, 428),
(992, 429),
(992, 430),
(992, 431),
(992, 435),
(992, 436),
(992, 438),
(992, 441),
(992, 442),
(992, 444),
(992, 445),
(992, 446),
(992, 447),
(992, 451),
(992, 454),
(992, 456),
(992, 457),
(992, 461),
(992, 462),
(992, 464),
(992, 466),
(992, 472),
(992, 473),
(992, 474),
(992, 475),
(992, 476),
(992, 478),
(992, 480),
(992, 483),
(992, 485),
(992, 487),
(992, 489),
(992, 490),
(992, 492),
(992, 495),
(992, 499),
(992, 500),
(992, 501),
(992, 504),
(992, 505),
(992, 508),
(992, 509),
(992, 511),
(992, 514),
(992, 516),
(992, 518),
(992, 520),
(992, 523),
(992, 527),
(992, 529),
(992, 530),
(992, 531),
(992, 533),
(992, 535),
(992, 536),
(992, 539),
(992, 540),
(992, 541),
(992, 542),
(992, 543),
(992, 544),
(992, 546),
(992, 547),
(992, 548),
(992, 549),
(992, 551),
(992, 552),
(992, 553),
(992, 557),
(992, 559),
(992, 560),
(992, 562),
(992, 567),
(992, 569),
(992, 573),
(992, 575),
(992, 577),
(992, 582),
(992, 592),
(992, 593),
(992, 594),
(992, 595),
(992, 596),
(992, 598),
(992, 600),
(993, 401),
(993, 402),
(993, 403),
(993, 405),
(993, 407),
(993, 408),
(993, 409),
(993, 410),
(993, 412),
(993, 414),
(993, 419),
(993, 421),
(993, 423),
(993, 427),
(993, 429),
(993, 431),
(993, 434),
(993, 435),
(993, 439),
(993, 440),
(993, 446),
(993, 447),
(993, 448),
(993, 449),
(993, 451),
(993, 456),
(993, 458),
(993, 459),
(993, 462),
(993, 463),
(993, 465),
(993, 468),
(993, 470),
(993, 472),
(993, 474),
(993, 476),
(993, 477),
(993, 479),
(993, 481),
(993, 487),
(993, 490),
(993, 492),
(993, 494),
(993, 495),
(993, 505),
(993, 507),
(993, 509),
(993, 510),
(993, 512),
(993, 513),
(993, 515),
(993, 518),
(993, 519),
(993, 522),
(993, 524),
(993, 526),
(993, 527),
(993, 533),
(993, 534),
(993, 536),
(993, 538),
(993, 540),
(993, 541),
(993, 542),
(993, 544),
(993, 547),
(993, 548),
(993, 549),
(993, 550),
(993, 552),
(993, 553),
(993, 554),
(993, 555),
(993, 556),
(993, 557),
(993, 558),
(993, 559),
(993, 562),
(993, 565),
(993, 566),
(993, 567),
(993, 568),
(993, 570),
(993, 571),
(993, 572),
(993, 575),
(993, 576),
(993, 578),
(993, 580),
(993, 582),
(993, 586),
(993, 587),
(993, 590),
(993, 591),
(993, 592),
(993, 594),
(993, 595),
(993, 597),
(993, 598),
(993, 599),
(994, 401),
(994, 402),
(994, 404),
(994, 405),
(994, 406),
(994, 409),
(994, 417),
(994, 418),
(994, 420),
(994, 421),
(994, 424),
(994, 425),
(994, 427),
(994, 428),
(994, 430),
(994, 431),
(994, 432),
(994, 433),
(994, 435),
(994, 438),
(994, 439),
(994, 440),
(994, 442),
(994, 443),
(994, 448),
(994, 450),
(994, 451),
(994, 452),
(994, 458),
(994, 459),
(994, 460),
(994, 461),
(994, 462),
(994, 469),
(994, 470),
(994, 473),
(994, 474),
(994, 476),
(994, 478),
(994, 479),
(994, 480),
(994, 482),
(994, 485),
(994, 492),
(994, 494),
(994, 495),
(994, 497),
(994, 500),
(994, 502),
(994, 506),
(994, 508),
(994, 510),
(994, 511),
(994, 512),
(994, 516),
(994, 517),
(994, 518),
(994, 519),
(994, 520),
(994, 521),
(994, 522),
(994, 523),
(994, 525),
(994, 529),
(994, 535),
(994, 536),
(994, 537),
(994, 538),
(994, 540),
(994, 541),
(994, 544),
(994, 546),
(994, 548),
(994, 549),
(994, 550),
(994, 553),
(994, 554),
(994, 557),
(994, 560),
(994, 563),
(994, 564),
(994, 566),
(994, 568),
(994, 570),
(994, 573),
(994, 574),
(994, 575),
(994, 576),
(994, 578),
(994, 581),
(994, 582),
(994, 587),
(994, 590),
(994, 591),
(994, 593),
(994, 594),
(994, 595),
(994, 596),
(994, 597),
(994, 599),
(995, 401),
(995, 402),
(995, 406),
(995, 408),
(995, 409),
(995, 410),
(995, 413),
(995, 414),
(995, 415),
(995, 418),
(995, 419),
(995, 420),
(995, 421),
(995, 423),
(995, 429),
(995, 430),
(995, 432),
(995, 433),
(995, 435),
(995, 436),
(995, 439),
(995, 440),
(995, 443),
(995, 444),
(995, 446),
(995, 449),
(995, 451),
(995, 452),
(995, 456),
(995, 457),
(995, 458),
(995, 460),
(995, 461),
(995, 464),
(995, 468),
(995, 470),
(995, 471),
(995, 472),
(995, 473),
(995, 475),
(995, 476),
(995, 478),
(995, 479),
(995, 481),
(995, 482),
(995, 485),
(995, 489),
(995, 490),
(995, 491),
(995, 492),
(995, 493),
(995, 496),
(995, 497),
(995, 498),
(995, 500),
(995, 501),
(995, 506),
(995, 508),
(995, 510),
(995, 515),
(995, 516),
(995, 519),
(995, 521),
(995, 527),
(995, 530),
(995, 531),
(995, 533),
(995, 535),
(995, 536),
(995, 537),
(995, 538),
(995, 541),
(995, 542),
(995, 545),
(995, 546),
(995, 547),
(995, 548),
(995, 549),
(995, 550),
(995, 551),
(995, 554),
(995, 558),
(995, 564),
(995, 565),
(995, 569),
(995, 571),
(995, 573),
(995, 575),
(995, 576),
(995, 577),
(995, 579),
(995, 583),
(995, 584),
(995, 591),
(995, 592),
(995, 593),
(995, 594),
(995, 596),
(995, 598),
(995, 599),
(996, 402),
(996, 405),
(996, 409),
(996, 410),
(996, 412),
(996, 414),
(996, 416),
(996, 420),
(996, 422),
(996, 423),
(996, 425),
(996, 427),
(996, 429),
(996, 430),
(996, 432),
(996, 434),
(996, 437),
(996, 439),
(996, 440),
(996, 444),
(996, 449),
(996, 451),
(996, 453),
(996, 454),
(996, 456),
(996, 457),
(996, 459),
(996, 461),
(996, 463),
(996, 464),
(996, 465),
(996, 467),
(996, 468),
(996, 469),
(996, 470),
(996, 471),
(996, 475),
(996, 479),
(996, 481),
(996, 482),
(996, 484),
(996, 485),
(996, 486),
(996, 487),
(996, 488),
(996, 489),
(996, 491),
(996, 495),
(996, 496),
(996, 499),
(996, 501),
(996, 502),
(996, 503),
(996, 504),
(996, 505),
(996, 506),
(996, 509),
(996, 511),
(996, 512),
(996, 514),
(996, 515),
(996, 518),
(996, 519),
(996, 520),
(996, 522),
(996, 523),
(996, 525),
(996, 526),
(996, 527),
(996, 528),
(996, 529),
(996, 533),
(996, 534),
(996, 537),
(996, 538),
(996, 539),
(996, 540),
(996, 544),
(996, 546),
(996, 552),
(996, 555),
(996, 556),
(996, 563),
(996, 566),
(996, 567),
(996, 568),
(996, 571),
(996, 572),
(996, 573),
(996, 575),
(996, 576),
(996, 577),
(996, 581),
(996, 584),
(996, 585),
(996, 588),
(996, 592),
(996, 594),
(996, 595),
(996, 596),
(997, 401),
(997, 406),
(997, 407),
(997, 408),
(997, 411),
(997, 419),
(997, 420),
(997, 422),
(997, 424),
(997, 428),
(997, 430),
(997, 432),
(997, 434),
(997, 436),
(997, 437),
(997, 440),
(997, 441),
(997, 442),
(997, 443),
(997, 445),
(997, 447),
(997, 449),
(997, 450),
(997, 452),
(997, 455),
(997, 456),
(997, 461),
(997, 464),
(997, 465),
(997, 466),
(997, 467),
(997, 469),
(997, 470),
(997, 471),
(997, 472),
(997, 473),
(997, 474),
(997, 475),
(997, 476),
(997, 477),
(997, 478),
(997, 482),
(997, 484),
(997, 487),
(997, 488),
(997, 489),
(997, 492),
(997, 495),
(997, 498),
(997, 499),
(997, 500),
(997, 503),
(997, 504),
(997, 506),
(997, 508),
(997, 522),
(997, 525),
(997, 528),
(997, 529),
(997, 531),
(997, 532),
(997, 534),
(997, 538),
(997, 540),
(997, 541),
(997, 544),
(997, 546),
(997, 547),
(997, 548),
(997, 549),
(997, 550),
(997, 551),
(997, 552),
(997, 553),
(997, 554),
(997, 555),
(997, 557),
(997, 560),
(997, 561),
(997, 562),
(997, 563),
(997, 565),
(997, 566),
(997, 568),
(997, 570),
(997, 571),
(997, 572),
(997, 579),
(997, 580),
(997, 581),
(997, 584),
(997, 587),
(997, 588),
(997, 589),
(997, 590),
(997, 591),
(997, 592),
(997, 594),
(997, 595),
(997, 598),
(998, 401),
(998, 402),
(998, 403),
(998, 406),
(998, 407),
(998, 408),
(998, 409),
(998, 410),
(998, 415),
(998, 416),
(998, 417),
(998, 421),
(998, 422),
(998, 424),
(998, 427),
(998, 430),
(998, 433),
(998, 435),
(998, 436),
(998, 437),
(998, 438),
(998, 442),
(998, 444),
(998, 446),
(998, 447),
(998, 451),
(998, 455),
(998, 457),
(998, 460),
(998, 461),
(998, 462),
(998, 464),
(998, 466),
(998, 467),
(998, 468),
(998, 469),
(998, 470),
(998, 472),
(998, 473),
(998, 475),
(998, 476),
(998, 477),
(998, 478),
(998, 479),
(998, 484),
(998, 485),
(998, 486),
(998, 487),
(998, 488),
(998, 489),
(998, 493),
(998, 495),
(998, 496),
(998, 498),
(998, 501),
(998, 502),
(998, 509),
(998, 515),
(998, 516),
(998, 517),
(998, 521),
(998, 525),
(998, 527),
(998, 528),
(998, 530),
(998, 531),
(998, 534),
(998, 536),
(998, 538),
(998, 541),
(998, 542),
(998, 543),
(998, 544),
(998, 546),
(998, 550),
(998, 551),
(998, 552),
(998, 554),
(998, 557),
(998, 558),
(998, 561),
(998, 562),
(998, 564),
(998, 566),
(998, 569),
(998, 571),
(998, 573),
(998, 574),
(998, 577),
(998, 578),
(998, 582),
(998, 583),
(998, 584),
(998, 588),
(998, 590),
(998, 591),
(998, 592),
(998, 595),
(998, 596),
(998, 600),
(999, 401),
(999, 403),
(999, 406),
(999, 407),
(999, 409),
(999, 411),
(999, 413),
(999, 415),
(999, 418),
(999, 420),
(999, 421),
(999, 422),
(999, 423),
(999, 424),
(999, 427),
(999, 429),
(999, 430),
(999, 432),
(999, 433),
(999, 434),
(999, 436),
(999, 437),
(999, 438),
(999, 439),
(999, 440),
(999, 442),
(999, 444),
(999, 445),
(999, 446),
(999, 449),
(999, 450),
(999, 452),
(999, 453),
(999, 454),
(999, 455),
(999, 457),
(999, 459),
(999, 460),
(999, 464),
(999, 465),
(999, 466),
(999, 467),
(999, 473),
(999, 477),
(999, 479),
(999, 480),
(999, 482),
(999, 483),
(999, 487),
(999, 488),
(999, 490),
(999, 491),
(999, 492),
(999, 494),
(999, 495),
(999, 497),
(999, 500),
(999, 501),
(999, 505),
(999, 507),
(999, 512),
(999, 516),
(999, 518),
(999, 521),
(999, 523),
(999, 526),
(999, 528),
(999, 532),
(999, 537),
(999, 538),
(999, 544),
(999, 548),
(999, 551),
(999, 552),
(999, 554),
(999, 557),
(999, 559),
(999, 562),
(999, 564),
(999, 568),
(999, 569),
(999, 571),
(999, 572),
(999, 574),
(999, 575),
(999, 576),
(999, 577),
(999, 579),
(999, 580),
(999, 582),
(999, 583),
(999, 584),
(999, 585),
(999, 586),
(999, 590),
(999, 593),
(999, 596),
(999, 597),
(999, 598),
(999, 599),
(1000, 401),
(1000, 402),
(1000, 403),
(1000, 404),
(1000, 406),
(1000, 407),
(1000, 408),
(1000, 409),
(1000, 411),
(1000, 414),
(1000, 416),
(1000, 418),
(1000, 421),
(1000, 422),
(1000, 424),
(1000, 426),
(1000, 428),
(1000, 431),
(1000, 433),
(1000, 434),
(1000, 439),
(1000, 440),
(1000, 442),
(1000, 444),
(1000, 447),
(1000, 448),
(1000, 449),
(1000, 450),
(1000, 451),
(1000, 452),
(1000, 454),
(1000, 455),
(1000, 464),
(1000, 466),
(1000, 468),
(1000, 470),
(1000, 471),
(1000, 476),
(1000, 478),
(1000, 481),
(1000, 482),
(1000, 483),
(1000, 484),
(1000, 487),
(1000, 488),
(1000, 494),
(1000, 495),
(1000, 496),
(1000, 497),
(1000, 499),
(1000, 500),
(1000, 501),
(1000, 507),
(1000, 510),
(1000, 511),
(1000, 512),
(1000, 518),
(1000, 519),
(1000, 521),
(1000, 522),
(1000, 523),
(1000, 527),
(1000, 528),
(1000, 531),
(1000, 533),
(1000, 538),
(1000, 539),
(1000, 540),
(1000, 541),
(1000, 543),
(1000, 544),
(1000, 551),
(1000, 552),
(1000, 555),
(1000, 556),
(1000, 558),
(1000, 559),
(1000, 562),
(1000, 563),
(1000, 564),
(1000, 565),
(1000, 566),
(1000, 567),
(1000, 569),
(1000, 571),
(1000, 573),
(1000, 574),
(1000, 576),
(1000, 577),
(1000, 581),
(1000, 582),
(1000, 586),
(1000, 588),
(1000, 589),
(1000, 593),
(1000, 594),
(1000, 595),
(1000, 596),
(1000, 598),
(1000, 600),
(1001, 404),
(1001, 405),
(1001, 406),
(1001, 409),
(1001, 410),
(1001, 411),
(1001, 412),
(1001, 413),
(1001, 414),
(1001, 415),
(1001, 417),
(1001, 421),
(1001, 424),
(1001, 426),
(1001, 427),
(1001, 428),
(1001, 432),
(1001, 433),
(1001, 437),
(1001, 442),
(1001, 444),
(1001, 446),
(1001, 449),
(1001, 450),
(1001, 457),
(1001, 461),
(1001, 463),
(1001, 466),
(1001, 467),
(1001, 469),
(1001, 470),
(1001, 472),
(1001, 475),
(1001, 476),
(1001, 478),
(1001, 481),
(1001, 484),
(1001, 487),
(1001, 488),
(1001, 489),
(1001, 490),
(1001, 492),
(1001, 494),
(1001, 496),
(1001, 497),
(1001, 502),
(1001, 503),
(1001, 508),
(1001, 509),
(1001, 513),
(1001, 515),
(1001, 516),
(1001, 517),
(1001, 519),
(1001, 520),
(1001, 523),
(1001, 525),
(1001, 527),
(1001, 528),
(1001, 529),
(1001, 530),
(1001, 531),
(1001, 534),
(1001, 535),
(1001, 536),
(1001, 540),
(1001, 541),
(1001, 542),
(1001, 543),
(1001, 550),
(1001, 552),
(1001, 553),
(1001, 554),
(1001, 555),
(1001, 556),
(1001, 558),
(1001, 563),
(1001, 564),
(1001, 565),
(1001, 567),
(1001, 568),
(1001, 569),
(1001, 570),
(1001, 571),
(1001, 572),
(1001, 574),
(1001, 575),
(1001, 577),
(1001, 578),
(1001, 579),
(1001, 583),
(1001, 584),
(1001, 585),
(1001, 588),
(1001, 590),
(1001, 591),
(1001, 592),
(1001, 593),
(1001, 597),
(1001, 598),
(1002, 406),
(1002, 412),
(1002, 413),
(1002, 415),
(1002, 416),
(1002, 420),
(1002, 421),
(1002, 422),
(1002, 423),
(1002, 428),
(1002, 433),
(1002, 436),
(1002, 438),
(1002, 440),
(1002, 441),
(1002, 445),
(1002, 448),
(1002, 449),
(1002, 453),
(1002, 454),
(1002, 457),
(1002, 458),
(1002, 460),
(1002, 461),
(1002, 462),
(1002, 463),
(1002, 465),
(1002, 466),
(1002, 467),
(1002, 468),
(1002, 471),
(1002, 474),
(1002, 475),
(1002, 476),
(1002, 477),
(1002, 483),
(1002, 484),
(1002, 486),
(1002, 487),
(1002, 488),
(1002, 489),
(1002, 491),
(1002, 493),
(1002, 495),
(1002, 496),
(1002, 497),
(1002, 498),
(1002, 499),
(1002, 502),
(1002, 503),
(1002, 505),
(1002, 507),
(1002, 510),
(1002, 511),
(1002, 512),
(1002, 516),
(1002, 517),
(1002, 518),
(1002, 519),
(1002, 521),
(1002, 522),
(1002, 525),
(1002, 529),
(1002, 532),
(1002, 533),
(1002, 535),
(1002, 536),
(1002, 537),
(1002, 538),
(1002, 540),
(1002, 541),
(1002, 542),
(1002, 543),
(1002, 546),
(1002, 547),
(1002, 551),
(1002, 552),
(1002, 553),
(1002, 554),
(1002, 557),
(1002, 558),
(1002, 559),
(1002, 561),
(1002, 563),
(1002, 565),
(1002, 567),
(1002, 568),
(1002, 570),
(1002, 571),
(1002, 573),
(1002, 574),
(1002, 576),
(1002, 577),
(1002, 582),
(1002, 584),
(1002, 588),
(1002, 593),
(1002, 595),
(1002, 598),
(1002, 599),
(1003, 403),
(1003, 404),
(1003, 405),
(1003, 406),
(1003, 407),
(1003, 408),
(1003, 409),
(1003, 414),
(1003, 415),
(1003, 423),
(1003, 426),
(1003, 428),
(1003, 429),
(1003, 434),
(1003, 435),
(1003, 437),
(1003, 439),
(1003, 441),
(1003, 443),
(1003, 448),
(1003, 452),
(1003, 453),
(1003, 454),
(1003, 455),
(1003, 456),
(1003, 458),
(1003, 460),
(1003, 462),
(1003, 463),
(1003, 465),
(1003, 467),
(1003, 469),
(1003, 472),
(1003, 474),
(1003, 475),
(1003, 476),
(1003, 477),
(1003, 479),
(1003, 481),
(1003, 483),
(1003, 484),
(1003, 487),
(1003, 488),
(1003, 490),
(1003, 491),
(1003, 492),
(1003, 494),
(1003, 497),
(1003, 499),
(1003, 501),
(1003, 503),
(1003, 505),
(1003, 506),
(1003, 507),
(1003, 508),
(1003, 510),
(1003, 512),
(1003, 513),
(1003, 514),
(1003, 516),
(1003, 518),
(1003, 521),
(1003, 522),
(1003, 523),
(1003, 525),
(1003, 529),
(1003, 532),
(1003, 533),
(1003, 538),
(1003, 539),
(1003, 540),
(1003, 541),
(1003, 544),
(1003, 546),
(1003, 548),
(1003, 549),
(1003, 551),
(1003, 553),
(1003, 558),
(1003, 560),
(1003, 561),
(1003, 562),
(1003, 565),
(1003, 568),
(1003, 570),
(1003, 571),
(1003, 576),
(1003, 577),
(1003, 578),
(1003, 579),
(1003, 582),
(1003, 583),
(1003, 584),
(1003, 585),
(1003, 586),
(1003, 589),
(1003, 591),
(1003, 596),
(1003, 597),
(1003, 600),
(1004, 403),
(1004, 405),
(1004, 406),
(1004, 407),
(1004, 408),
(1004, 413),
(1004, 416),
(1004, 417),
(1004, 418),
(1004, 419),
(1004, 421),
(1004, 423),
(1004, 426),
(1004, 429),
(1004, 435),
(1004, 436),
(1004, 438),
(1004, 445),
(1004, 447),
(1004, 448),
(1004, 451),
(1004, 452),
(1004, 454),
(1004, 455),
(1004, 456),
(1004, 457),
(1004, 459),
(1004, 461),
(1004, 462),
(1004, 463),
(1004, 469),
(1004, 470),
(1004, 476),
(1004, 481),
(1004, 483),
(1004, 485),
(1004, 486),
(1004, 488),
(1004, 491),
(1004, 493),
(1004, 496),
(1004, 497),
(1004, 500),
(1004, 502),
(1004, 503),
(1004, 504),
(1004, 505),
(1004, 509),
(1004, 510),
(1004, 511),
(1004, 512),
(1004, 513),
(1004, 514),
(1004, 516),
(1004, 520),
(1004, 521),
(1004, 523),
(1004, 524),
(1004, 525),
(1004, 526),
(1004, 527),
(1004, 529),
(1004, 530),
(1004, 531),
(1004, 532),
(1004, 536),
(1004, 537),
(1004, 539),
(1004, 546),
(1004, 549),
(1004, 550),
(1004, 551),
(1004, 552),
(1004, 553),
(1004, 554),
(1004, 558),
(1004, 559),
(1004, 563),
(1004, 567),
(1004, 570),
(1004, 571),
(1004, 573),
(1004, 574),
(1004, 575),
(1004, 577),
(1004, 579),
(1004, 580),
(1004, 582),
(1004, 583),
(1004, 585),
(1004, 586),
(1004, 587),
(1004, 588),
(1004, 590),
(1004, 593),
(1004, 594),
(1004, 595),
(1004, 596),
(1004, 599),
(1004, 600),
(1005, 403),
(1005, 406),
(1005, 407),
(1005, 408),
(1005, 410),
(1005, 411),
(1005, 412),
(1005, 413),
(1005, 414),
(1005, 416),
(1005, 417),
(1005, 418),
(1005, 420),
(1005, 421),
(1005, 423),
(1005, 426),
(1005, 431),
(1005, 434),
(1005, 437),
(1005, 439),
(1005, 440),
(1005, 441),
(1005, 442),
(1005, 446),
(1005, 447),
(1005, 449),
(1005, 450),
(1005, 452),
(1005, 453),
(1005, 455),
(1005, 456),
(1005, 459),
(1005, 460),
(1005, 462),
(1005, 463),
(1005, 464),
(1005, 470),
(1005, 472),
(1005, 473),
(1005, 478),
(1005, 479),
(1005, 480),
(1005, 483),
(1005, 485),
(1005, 487),
(1005, 488),
(1005, 494),
(1005, 495),
(1005, 496),
(1005, 497),
(1005, 498),
(1005, 501),
(1005, 502),
(1005, 503),
(1005, 504),
(1005, 506),
(1005, 508),
(1005, 510),
(1005, 513),
(1005, 515),
(1005, 516),
(1005, 518),
(1005, 519),
(1005, 520),
(1005, 522),
(1005, 523),
(1005, 525),
(1005, 526),
(1005, 528),
(1005, 529),
(1005, 533),
(1005, 534),
(1005, 538),
(1005, 540),
(1005, 542),
(1005, 544),
(1005, 545),
(1005, 546),
(1005, 548),
(1005, 555),
(1005, 556),
(1005, 557),
(1005, 559),
(1005, 561),
(1005, 562),
(1005, 573),
(1005, 575),
(1005, 578),
(1005, 580),
(1005, 581),
(1005, 586),
(1005, 589),
(1005, 590),
(1005, 592),
(1005, 593),
(1005, 594),
(1005, 596),
(1005, 597),
(1005, 598),
(1005, 600),
(1006, 401),
(1006, 404),
(1006, 406),
(1006, 411),
(1006, 412),
(1006, 413),
(1006, 415),
(1006, 418),
(1006, 420),
(1006, 422),
(1006, 424),
(1006, 427),
(1006, 428),
(1006, 429),
(1006, 432),
(1006, 433),
(1006, 434),
(1006, 436),
(1006, 438),
(1006, 440),
(1006, 442),
(1006, 443),
(1006, 445),
(1006, 449),
(1006, 452),
(1006, 453),
(1006, 455),
(1006, 456),
(1006, 462),
(1006, 466),
(1006, 467),
(1006, 472),
(1006, 473),
(1006, 475),
(1006, 476),
(1006, 483),
(1006, 485),
(1006, 487),
(1006, 488),
(1006, 489),
(1006, 490),
(1006, 495),
(1006, 496),
(1006, 497),
(1006, 498),
(1006, 499),
(1006, 501),
(1006, 502),
(1006, 503),
(1006, 506),
(1006, 510),
(1006, 511),
(1006, 513),
(1006, 514),
(1006, 515),
(1006, 517),
(1006, 519),
(1006, 521),
(1006, 522),
(1006, 523),
(1006, 525),
(1006, 526),
(1006, 527),
(1006, 528),
(1006, 529),
(1006, 532),
(1006, 533),
(1006, 536),
(1006, 537),
(1006, 543),
(1006, 544),
(1006, 545),
(1006, 546),
(1006, 549),
(1006, 551),
(1006, 556),
(1006, 557),
(1006, 558),
(1006, 560),
(1006, 561),
(1006, 562),
(1006, 563),
(1006, 564),
(1006, 567),
(1006, 569),
(1006, 571),
(1006, 574),
(1006, 576),
(1006, 577),
(1006, 580),
(1006, 581),
(1006, 582),
(1006, 584),
(1006, 587),
(1006, 589),
(1006, 591),
(1006, 593),
(1006, 596),
(1006, 598),
(1006, 600),
(1007, 404),
(1007, 405),
(1007, 410),
(1007, 411),
(1007, 412),
(1007, 413),
(1007, 415),
(1007, 416),
(1007, 418),
(1007, 419),
(1007, 420),
(1007, 421),
(1007, 422),
(1007, 423),
(1007, 424),
(1007, 427),
(1007, 428),
(1007, 429),
(1007, 431),
(1007, 436),
(1007, 438),
(1007, 444),
(1007, 445),
(1007, 446),
(1007, 448),
(1007, 449),
(1007, 451),
(1007, 452),
(1007, 454),
(1007, 455),
(1007, 456),
(1007, 457),
(1007, 458),
(1007, 461),
(1007, 462),
(1007, 464),
(1007, 466),
(1007, 468),
(1007, 470),
(1007, 471),
(1007, 478),
(1007, 481),
(1007, 484),
(1007, 485),
(1007, 490),
(1007, 491),
(1007, 492),
(1007, 493),
(1007, 494),
(1007, 495),
(1007, 498),
(1007, 499),
(1007, 500),
(1007, 502),
(1007, 504),
(1007, 505),
(1007, 509),
(1007, 510),
(1007, 511),
(1007, 512),
(1007, 515),
(1007, 517),
(1007, 521),
(1007, 522),
(1007, 523),
(1007, 524),
(1007, 526),
(1007, 527),
(1007, 531),
(1007, 533),
(1007, 538),
(1007, 547),
(1007, 548),
(1007, 551),
(1007, 552),
(1007, 555),
(1007, 556),
(1007, 558),
(1007, 560),
(1007, 561),
(1007, 567),
(1007, 568),
(1007, 569),
(1007, 571),
(1007, 572),
(1007, 576),
(1007, 577),
(1007, 578),
(1007, 579),
(1007, 580),
(1007, 582),
(1007, 586),
(1007, 587),
(1007, 588),
(1007, 590),
(1007, 591),
(1007, 593),
(1007, 594),
(1007, 598),
(1007, 599),
(1008, 403),
(1008, 404),
(1008, 406),
(1008, 408),
(1008, 409),
(1008, 410),
(1008, 411),
(1008, 415),
(1008, 416),
(1008, 417),
(1008, 421),
(1008, 422),
(1008, 423),
(1008, 430),
(1008, 431),
(1008, 432),
(1008, 433),
(1008, 435),
(1008, 436),
(1008, 438),
(1008, 445),
(1008, 446),
(1008, 447),
(1008, 448),
(1008, 451),
(1008, 454),
(1008, 458),
(1008, 459),
(1008, 461),
(1008, 463),
(1008, 464),
(1008, 468),
(1008, 473),
(1008, 475),
(1008, 477),
(1008, 479),
(1008, 480),
(1008, 481),
(1008, 485),
(1008, 486),
(1008, 487),
(1008, 488),
(1008, 490),
(1008, 491),
(1008, 492),
(1008, 493),
(1008, 494),
(1008, 498),
(1008, 501),
(1008, 502),
(1008, 503),
(1008, 504),
(1008, 505),
(1008, 508),
(1008, 509),
(1008, 511),
(1008, 512),
(1008, 517),
(1008, 518),
(1008, 519),
(1008, 522),
(1008, 523),
(1008, 525),
(1008, 526),
(1008, 530),
(1008, 531),
(1008, 533),
(1008, 535),
(1008, 537),
(1008, 539),
(1008, 540),
(1008, 543),
(1008, 544),
(1008, 546),
(1008, 551),
(1008, 552),
(1008, 557),
(1008, 560),
(1008, 561),
(1008, 564),
(1008, 565),
(1008, 566),
(1008, 568),
(1008, 570),
(1008, 572),
(1008, 578),
(1008, 579),
(1008, 580),
(1008, 582),
(1008, 584),
(1008, 585),
(1008, 586),
(1008, 587),
(1008, 588),
(1008, 589),
(1008, 592),
(1008, 593),
(1008, 595),
(1008, 597),
(1008, 598),
(1009, 401),
(1009, 402),
(1009, 403),
(1009, 405),
(1009, 409),
(1009, 410),
(1009, 413),
(1009, 414),
(1009, 415),
(1009, 416),
(1009, 419),
(1009, 420),
(1009, 425),
(1009, 427),
(1009, 429),
(1009, 430),
(1009, 431),
(1009, 433),
(1009, 436),
(1009, 437),
(1009, 439),
(1009, 440),
(1009, 441),
(1009, 442),
(1009, 444),
(1009, 446),
(1009, 447),
(1009, 448),
(1009, 449),
(1009, 450),
(1009, 454),
(1009, 455),
(1009, 456),
(1009, 460),
(1009, 464),
(1009, 466),
(1009, 469),
(1009, 470),
(1009, 471),
(1009, 475),
(1009, 476),
(1009, 478),
(1009, 482),
(1009, 483),
(1009, 484),
(1009, 485),
(1009, 486),
(1009, 487),
(1009, 488),
(1009, 490),
(1009, 491),
(1009, 492),
(1009, 493),
(1009, 495),
(1009, 497),
(1009, 504),
(1009, 507),
(1009, 511),
(1009, 512),
(1009, 515),
(1009, 517),
(1009, 520),
(1009, 521),
(1009, 522),
(1009, 526),
(1009, 527),
(1009, 528),
(1009, 529),
(1009, 530),
(1009, 532),
(1009, 533),
(1009, 535),
(1009, 537),
(1009, 539),
(1009, 541),
(1009, 543),
(1009, 548),
(1009, 550),
(1009, 557),
(1009, 559),
(1009, 560),
(1009, 561),
(1009, 562),
(1009, 563),
(1009, 564),
(1009, 568),
(1009, 571),
(1009, 572),
(1009, 579),
(1009, 581),
(1009, 583),
(1009, 586),
(1009, 587),
(1009, 588),
(1009, 589),
(1009, 591),
(1009, 593),
(1009, 597),
(1009, 599),
(1009, 600),
(1010, 401),
(1010, 402),
(1010, 404),
(1010, 405),
(1010, 406),
(1010, 408),
(1010, 410),
(1010, 412),
(1010, 413),
(1010, 415),
(1010, 417),
(1010, 420),
(1010, 421),
(1010, 423),
(1010, 425),
(1010, 427),
(1010, 430),
(1010, 431),
(1010, 433),
(1010, 437),
(1010, 439),
(1010, 441),
(1010, 442),
(1010, 444),
(1010, 445),
(1010, 447),
(1010, 448),
(1010, 451),
(1010, 452),
(1010, 453),
(1010, 455),
(1010, 460),
(1010, 462),
(1010, 463),
(1010, 465),
(1010, 466),
(1010, 467),
(1010, 469),
(1010, 478),
(1010, 481),
(1010, 487),
(1010, 488),
(1010, 490),
(1010, 493),
(1010, 494),
(1010, 495),
(1010, 496),
(1010, 500),
(1010, 501),
(1010, 502),
(1010, 503),
(1010, 504),
(1010, 506),
(1010, 507),
(1010, 508),
(1010, 511),
(1010, 514),
(1010, 515),
(1010, 517),
(1010, 518),
(1010, 519),
(1010, 520),
(1010, 524),
(1010, 525),
(1010, 528),
(1010, 531),
(1010, 533),
(1010, 535),
(1010, 536),
(1010, 541),
(1010, 544),
(1010, 545),
(1010, 548),
(1010, 550),
(1010, 552),
(1010, 553),
(1010, 554),
(1010, 555),
(1010, 560),
(1010, 561),
(1010, 563),
(1010, 564),
(1010, 565),
(1010, 568),
(1010, 569),
(1010, 570),
(1010, 571),
(1010, 572),
(1010, 573),
(1010, 577),
(1010, 578),
(1010, 581),
(1010, 582),
(1010, 584),
(1010, 586),
(1010, 590),
(1010, 591),
(1010, 595),
(1010, 598),
(1010, 600),
(1011, 401),
(1011, 402),
(1011, 403),
(1011, 407),
(1011, 409),
(1011, 410),
(1011, 414),
(1011, 415),
(1011, 416),
(1011, 419),
(1011, 421),
(1011, 426),
(1011, 428),
(1011, 432),
(1011, 437),
(1011, 438),
(1011, 442),
(1011, 443),
(1011, 445),
(1011, 448),
(1011, 452),
(1011, 453),
(1011, 455),
(1011, 456),
(1011, 457),
(1011, 458),
(1011, 460),
(1011, 461),
(1011, 462),
(1011, 463),
(1011, 464),
(1011, 465),
(1011, 466),
(1011, 473),
(1011, 477),
(1011, 482),
(1011, 483),
(1011, 485),
(1011, 486),
(1011, 487),
(1011, 488),
(1011, 489),
(1011, 492),
(1011, 493),
(1011, 497),
(1011, 499),
(1011, 501),
(1011, 503),
(1011, 504),
(1011, 508),
(1011, 509),
(1011, 510),
(1011, 511),
(1011, 512),
(1011, 518),
(1011, 519),
(1011, 520),
(1011, 521),
(1011, 525),
(1011, 527),
(1011, 528),
(1011, 529),
(1011, 531),
(1011, 536),
(1011, 539),
(1011, 540),
(1011, 541),
(1011, 544),
(1011, 545),
(1011, 546),
(1011, 547),
(1011, 548),
(1011, 552),
(1011, 554),
(1011, 556),
(1011, 557),
(1011, 560),
(1011, 562),
(1011, 563),
(1011, 564),
(1011, 565),
(1011, 570),
(1011, 572),
(1011, 575),
(1011, 577),
(1011, 579),
(1011, 581),
(1011, 583),
(1011, 584),
(1011, 585),
(1011, 586),
(1011, 587),
(1011, 588),
(1011, 590),
(1011, 591),
(1011, 594),
(1011, 595),
(1011, 598),
(1011, 599),
(1011, 600),
(1012, 401),
(1012, 403),
(1012, 405),
(1012, 406),
(1012, 407),
(1012, 410),
(1012, 412),
(1012, 413),
(1012, 414),
(1012, 415),
(1012, 417),
(1012, 418),
(1012, 419),
(1012, 420),
(1012, 421),
(1012, 422),
(1012, 423),
(1012, 427),
(1012, 429),
(1012, 430),
(1012, 433),
(1012, 436),
(1012, 437),
(1012, 440),
(1012, 442),
(1012, 445),
(1012, 446),
(1012, 450),
(1012, 452),
(1012, 453),
(1012, 454),
(1012, 456),
(1012, 457),
(1012, 459),
(1012, 460),
(1012, 461),
(1012, 465),
(1012, 466),
(1012, 467),
(1012, 471),
(1012, 472),
(1012, 473),
(1012, 474),
(1012, 476),
(1012, 478),
(1012, 488),
(1012, 489),
(1012, 491),
(1012, 493),
(1012, 496),
(1012, 498),
(1012, 499),
(1012, 500),
(1012, 501),
(1012, 502),
(1012, 503),
(1012, 505),
(1012, 506),
(1012, 509),
(1012, 514),
(1012, 515),
(1012, 516),
(1012, 517),
(1012, 518),
(1012, 523),
(1012, 526),
(1012, 529),
(1012, 532),
(1012, 535),
(1012, 537),
(1012, 538),
(1012, 539),
(1012, 540),
(1012, 544),
(1012, 546),
(1012, 547),
(1012, 551),
(1012, 552),
(1012, 555),
(1012, 557),
(1012, 559),
(1012, 560),
(1012, 561),
(1012, 565),
(1012, 566),
(1012, 568),
(1012, 571),
(1012, 573),
(1012, 575),
(1012, 576),
(1012, 579),
(1012, 581),
(1012, 582),
(1012, 583),
(1012, 585),
(1012, 588),
(1012, 589),
(1012, 592),
(1012, 597),
(1012, 599),
(1013, 401),
(1013, 402),
(1013, 403),
(1013, 406),
(1013, 408),
(1013, 409),
(1013, 410),
(1013, 414),
(1013, 416),
(1013, 417),
(1013, 419),
(1013, 420),
(1013, 423),
(1013, 424),
(1013, 425),
(1013, 427),
(1013, 428),
(1013, 429),
(1013, 431),
(1013, 434),
(1013, 437),
(1013, 440),
(1013, 441),
(1013, 442),
(1013, 444),
(1013, 446),
(1013, 448),
(1013, 451),
(1013, 454),
(1013, 456),
(1013, 462),
(1013, 465),
(1013, 467),
(1013, 468),
(1013, 469),
(1013, 470),
(1013, 476),
(1013, 477),
(1013, 479),
(1013, 480),
(1013, 481),
(1013, 485),
(1013, 487),
(1013, 488),
(1013, 489),
(1013, 490),
(1013, 495),
(1013, 496),
(1013, 497);
INSERT INTO `student_type_of_class` (`student_id`, `type_of_class_id`) VALUES
(1013, 502),
(1013, 503),
(1013, 505),
(1013, 506),
(1013, 510),
(1013, 511),
(1013, 513),
(1013, 515),
(1013, 517),
(1013, 518),
(1013, 519),
(1013, 520),
(1013, 521),
(1013, 522),
(1013, 524),
(1013, 526),
(1013, 531),
(1013, 532),
(1013, 533),
(1013, 534),
(1013, 535),
(1013, 539),
(1013, 542),
(1013, 544),
(1013, 546),
(1013, 549),
(1013, 553),
(1013, 555),
(1013, 556),
(1013, 557),
(1013, 558),
(1013, 562),
(1013, 563),
(1013, 564),
(1013, 567),
(1013, 570),
(1013, 573),
(1013, 577),
(1013, 578),
(1013, 581),
(1013, 582),
(1013, 583),
(1013, 585),
(1013, 586),
(1013, 587),
(1013, 588),
(1013, 591),
(1013, 595),
(1013, 596),
(1013, 597),
(1013, 599),
(1014, 401),
(1014, 403),
(1014, 407),
(1014, 409),
(1014, 410),
(1014, 411),
(1014, 412),
(1014, 413),
(1014, 415),
(1014, 416),
(1014, 417),
(1014, 418),
(1014, 419),
(1014, 420),
(1014, 421),
(1014, 423),
(1014, 424),
(1014, 426),
(1014, 427),
(1014, 429),
(1014, 433),
(1014, 434),
(1014, 435),
(1014, 436),
(1014, 437),
(1014, 438),
(1014, 439),
(1014, 440),
(1014, 441),
(1014, 442),
(1014, 447),
(1014, 448),
(1014, 455),
(1014, 458),
(1014, 460),
(1014, 462),
(1014, 467),
(1014, 468),
(1014, 469),
(1014, 470),
(1014, 473),
(1014, 474),
(1014, 476),
(1014, 478),
(1014, 481),
(1014, 484),
(1014, 486),
(1014, 495),
(1014, 496),
(1014, 498),
(1014, 502),
(1014, 503),
(1014, 504),
(1014, 507),
(1014, 508),
(1014, 509),
(1014, 510),
(1014, 511),
(1014, 516),
(1014, 518),
(1014, 519),
(1014, 522),
(1014, 524),
(1014, 525),
(1014, 536),
(1014, 537),
(1014, 538),
(1014, 539),
(1014, 541),
(1014, 542),
(1014, 543),
(1014, 544),
(1014, 545),
(1014, 546),
(1014, 548),
(1014, 549),
(1014, 552),
(1014, 554),
(1014, 556),
(1014, 559),
(1014, 560),
(1014, 565),
(1014, 566),
(1014, 568),
(1014, 574),
(1014, 575),
(1014, 576),
(1014, 579),
(1014, 581),
(1014, 582),
(1014, 585),
(1014, 586),
(1014, 587),
(1014, 588),
(1014, 591),
(1014, 593),
(1014, 596),
(1014, 598),
(1014, 599),
(1014, 600),
(1015, 401),
(1015, 404),
(1015, 408),
(1015, 409),
(1015, 412),
(1015, 413),
(1015, 415),
(1015, 417),
(1015, 420),
(1015, 421),
(1015, 422),
(1015, 423),
(1015, 425),
(1015, 426),
(1015, 429),
(1015, 430),
(1015, 435),
(1015, 436),
(1015, 438),
(1015, 440),
(1015, 441),
(1015, 443),
(1015, 444),
(1015, 447),
(1015, 448),
(1015, 450),
(1015, 451),
(1015, 453),
(1015, 454),
(1015, 455),
(1015, 459),
(1015, 460),
(1015, 461),
(1015, 470),
(1015, 471),
(1015, 474),
(1015, 475),
(1015, 477),
(1015, 478),
(1015, 482),
(1015, 483),
(1015, 484),
(1015, 485),
(1015, 486),
(1015, 487),
(1015, 489),
(1015, 499),
(1015, 501),
(1015, 502),
(1015, 503),
(1015, 504),
(1015, 507),
(1015, 511),
(1015, 516),
(1015, 517),
(1015, 519),
(1015, 521),
(1015, 526),
(1015, 527),
(1015, 528),
(1015, 530),
(1015, 533),
(1015, 534),
(1015, 535),
(1015, 537),
(1015, 539),
(1015, 541),
(1015, 543),
(1015, 548),
(1015, 549),
(1015, 550),
(1015, 551),
(1015, 556),
(1015, 559),
(1015, 563),
(1015, 564),
(1015, 566),
(1015, 567),
(1015, 568),
(1015, 570),
(1015, 572),
(1015, 573),
(1015, 575),
(1015, 578),
(1015, 579),
(1015, 581),
(1015, 582),
(1015, 584),
(1015, 585),
(1015, 587),
(1015, 588),
(1015, 589),
(1015, 590),
(1015, 592),
(1015, 593),
(1015, 594),
(1015, 595),
(1015, 597),
(1015, 598),
(1015, 600);

-- --------------------------------------------------------

--
-- Structure de la table `subject`
--

DROP TABLE IF EXISTS `subject`;
CREATE TABLE IF NOT EXISTS `subject` (
  `id` int(11) NOT NULL AUTO_INCREMENT,
  `subject_name` varchar(255) COLLATE utf8mb4_unicode_ci NOT NULL,
  PRIMARY KEY (`id`)
) ENGINE=InnoDB AUTO_INCREMENT=9 DEFAULT CHARSET=utf8mb4 COLLATE=utf8mb4_unicode_ci;

--
-- Déchargement des données de la table `subject`
--

INSERT INTO `subject` (`id`, `subject_name`) VALUES
(1, 'Astronomie'),
(2, 'Botanique'),
(3, 'Défense contre les forces du Mal'),
(4, 'Histoire de la magie'),
(5, 'Métamorphose'),
(6, 'Potions'),
(7, 'Sortilèges'),
(8, 'Vol sur balai');

-- --------------------------------------------------------

--
-- Structure de la table `teacher`
--

DROP TABLE IF EXISTS `teacher`;
CREATE TABLE IF NOT EXISTS `teacher` (
  `id` int(11) NOT NULL AUTO_INCREMENT,
  `name` varchar(255) COLLATE utf8mb4_unicode_ci NOT NULL,
  PRIMARY KEY (`id`)
) ENGINE=InnoDB AUTO_INCREMENT=192 DEFAULT CHARSET=utf8mb4 COLLATE=utf8mb4_unicode_ci;

--
-- Déchargement des données de la table `teacher`
--

INSERT INTO `teacher` (`id`, `name`) VALUES
(164, 'Minerva McGonagall'),
(165, 'Severus Snape'),
(166, 'Rubeus Hagrid'),
(167, 'Remus Lupin'),
(168, 'Horace Slughorn'),
(169, 'Dolores Umbridge'),
(170, 'Mrs Norris'),
(171, 'Argus Filch'),
(172, 'Albus Dumbledore'),
(173, 'Madam Pomfrey'),
(174, 'Quirinus Quirrel'),
(175, 'Pomona Sprout'),
(176, 'Cuthbert Binns'),
(177, 'Filius Flitwick'),
(178, 'Madam Hooch'),
(179, 'Firenze'),
(180, 'Gilderoy Lockhart'),
(181, 'Madame Pince'),
(182, 'Sybill Trelawney'),
(183, 'Septima Vector'),
(184, 'Aurora Sinistra'),
(185, 'Alastor Moody'),
(186, 'Wilhelmina Grubbly-Plank'),
(187, 'Galatea Merrythought'),
(188, 'Charity Burbage'),
(189, 'Morpheus'),
(190, 'Morpheus'),
(191, 'Morpheus');

-- --------------------------------------------------------

--
-- Structure de la table `type_of_class`
--

DROP TABLE IF EXISTS `type_of_class`;
CREATE TABLE IF NOT EXISTS `type_of_class` (
  `id` int(11) NOT NULL AUTO_INCREMENT,
  `teacher_id` int(11) NOT NULL,
  `subject_id` int(11) NOT NULL,
  `year_taught` int(11) NOT NULL,
  PRIMARY KEY (`id`),
  KEY `IDX_9FC167FD41807E1D` (`teacher_id`),
  KEY `IDX_9FC167FD23EDC87` (`subject_id`)
) ENGINE=InnoDB AUTO_INCREMENT=601 DEFAULT CHARSET=utf8mb4 COLLATE=utf8mb4_unicode_ci;

--
-- Déchargement des données de la table `type_of_class`
--

INSERT INTO `type_of_class` (`id`, `teacher_id`, `subject_id`, `year_taught`) VALUES
(401, 183, 1, 2023),
(402, 182, 1, 2022),
(403, 176, 1, 2021),
(404, 181, 1, 2020),
(405, 169, 1, 2019),
(406, 187, 1, 2018),
(407, 170, 1, 2017),
(408, 180, 1, 2016),
(409, 186, 1, 2015),
(410, 171, 1, 2014),
(411, 166, 1, 2013),
(412, 168, 1, 2012),
(413, 166, 1, 2011),
(414, 173, 1, 2010),
(415, 179, 1, 2009),
(416, 183, 1, 2008),
(417, 178, 1, 2007),
(418, 175, 1, 2006),
(419, 181, 1, 2005),
(420, 168, 1, 2004),
(421, 165, 1, 2003),
(422, 176, 1, 2002),
(423, 182, 1, 2001),
(424, 180, 1, 2000),
(425, 171, 1, 1999),
(426, 185, 2, 2023),
(427, 181, 2, 2022),
(428, 171, 2, 2021),
(429, 175, 2, 2020),
(430, 183, 2, 2019),
(431, 180, 2, 2018),
(432, 186, 2, 2017),
(433, 171, 2, 2016),
(434, 175, 2, 2015),
(435, 182, 2, 2014),
(436, 184, 2, 2013),
(437, 184, 2, 2012),
(438, 165, 2, 2011),
(439, 168, 2, 2010),
(440, 167, 2, 2009),
(441, 171, 2, 2008),
(442, 170, 2, 2007),
(443, 188, 2, 2006),
(444, 172, 2, 2005),
(445, 181, 2, 2004),
(446, 179, 2, 2003),
(447, 180, 2, 2002),
(448, 178, 2, 2001),
(449, 183, 2, 2000),
(450, 169, 2, 1999),
(451, 181, 3, 2023),
(452, 170, 3, 2022),
(453, 179, 3, 2021),
(454, 178, 3, 2020),
(455, 173, 3, 2019),
(456, 184, 3, 2018),
(457, 175, 3, 2017),
(458, 185, 3, 2016),
(459, 172, 3, 2015),
(460, 164, 3, 2014),
(461, 174, 3, 2013),
(462, 169, 3, 2012),
(463, 188, 3, 2011),
(464, 166, 3, 2010),
(465, 186, 3, 2009),
(466, 184, 3, 2008),
(467, 172, 3, 2007),
(468, 166, 3, 2006),
(469, 187, 3, 2005),
(470, 179, 3, 2004),
(471, 178, 3, 2003),
(472, 169, 3, 2002),
(473, 180, 3, 2001),
(474, 182, 3, 2000),
(475, 186, 3, 1999),
(476, 173, 4, 2023),
(477, 180, 4, 2022),
(478, 182, 4, 2021),
(479, 181, 4, 2020),
(480, 174, 4, 2019),
(481, 183, 4, 2018),
(482, 187, 4, 2017),
(483, 188, 4, 2016),
(484, 179, 4, 2015),
(485, 176, 4, 2014),
(486, 179, 4, 2013),
(487, 174, 4, 2012),
(488, 184, 4, 2011),
(489, 168, 4, 2010),
(490, 186, 4, 2009),
(491, 178, 4, 2008),
(492, 175, 4, 2007),
(493, 167, 4, 2006),
(494, 174, 4, 2005),
(495, 185, 4, 2004),
(496, 188, 4, 2003),
(497, 187, 4, 2002),
(498, 168, 4, 2001),
(499, 169, 4, 2000),
(500, 172, 4, 1999),
(501, 168, 5, 2023),
(502, 181, 5, 2022),
(503, 185, 5, 2021),
(504, 174, 5, 2020),
(505, 171, 5, 2019),
(506, 165, 5, 2018),
(507, 164, 5, 2017),
(508, 185, 5, 2016),
(509, 175, 5, 2015),
(510, 184, 5, 2014),
(511, 172, 5, 2013),
(512, 184, 5, 2012),
(513, 186, 5, 2011),
(514, 171, 5, 2010),
(515, 177, 5, 2009),
(516, 182, 5, 2008),
(517, 177, 5, 2007),
(518, 170, 5, 2006),
(519, 173, 5, 2005),
(520, 188, 5, 2004),
(521, 188, 5, 2003),
(522, 178, 5, 2002),
(523, 167, 5, 2001),
(524, 173, 5, 2000),
(525, 181, 5, 1999),
(526, 176, 6, 2023),
(527, 184, 6, 2022),
(528, 167, 6, 2021),
(529, 168, 6, 2020),
(530, 188, 6, 2019),
(531, 181, 6, 2018),
(532, 164, 6, 2017),
(533, 182, 6, 2016),
(534, 181, 6, 2015),
(535, 184, 6, 2014),
(536, 178, 6, 2013),
(537, 173, 6, 2012),
(538, 171, 6, 2011),
(539, 182, 6, 2010),
(540, 183, 6, 2009),
(541, 167, 6, 2008),
(542, 167, 6, 2007),
(543, 180, 6, 2006),
(544, 177, 6, 2005),
(545, 181, 6, 2004),
(546, 178, 6, 2003),
(547, 187, 6, 2002),
(548, 175, 6, 2001),
(549, 175, 6, 2000),
(550, 170, 6, 1999),
(551, 176, 7, 2023),
(552, 164, 7, 2022),
(553, 177, 7, 2021),
(554, 177, 7, 2020),
(555, 181, 7, 2019),
(556, 187, 7, 2018),
(557, 181, 7, 2017),
(558, 180, 7, 2016),
(559, 174, 7, 2015),
(560, 186, 7, 2014),
(561, 172, 7, 2013),
(562, 188, 7, 2012),
(563, 175, 7, 2011),
(564, 164, 7, 2010),
(565, 177, 7, 2009),
(566, 170, 7, 2008),
(567, 171, 7, 2007),
(568, 175, 7, 2006),
(569, 177, 7, 2005),
(570, 183, 7, 2004),
(571, 174, 7, 2003),
(572, 187, 7, 2002),
(573, 164, 7, 2001),
(574, 180, 7, 2000),
(575, 181, 7, 1999),
(576, 166, 8, 2023),
(577, 180, 8, 2022),
(578, 183, 8, 2021),
(579, 174, 8, 2020),
(580, 186, 8, 2019),
(581, 183, 8, 2018),
(582, 166, 8, 2017),
(583, 181, 8, 2016),
(584, 175, 8, 2015),
(585, 167, 8, 2014),
(586, 168, 8, 2013),
(587, 182, 8, 2012),
(588, 173, 8, 2011),
(589, 171, 8, 2010),
(590, 167, 8, 2009),
(591, 169, 8, 2008),
(592, 165, 8, 2007),
(593, 175, 8, 2006),
(594, 175, 8, 2005),
(595, 167, 8, 2004),
(596, 178, 8, 2003),
(597, 188, 8, 2002),
(598, 183, 8, 2001),
(599, 170, 8, 2000),
(600, 182, 8, 1999);

--
-- Contraintes pour les tables déchargées
--

--
-- Contraintes pour la table `house_point`
--
ALTER TABLE `house_point`
  ADD CONSTRAINT `FK_6C4654DC6BB74515` FOREIGN KEY (`house_id`) REFERENCES `house` (`id`);

--
-- Contraintes pour la table `offense_list`
--
ALTER TABLE `offense_list`
  ADD CONSTRAINT `offense_list_ibfk_1` FOREIGN KEY (`student_id`) REFERENCES `student` (`id`),
  ADD CONSTRAINT `offense_list_ibfk_2` FOREIGN KEY (`offense_id`) REFERENCES `offense` (`id`);

--
-- Contraintes pour la table `student`
--
ALTER TABLE `student`
  ADD CONSTRAINT `FK_B723AF336BB74515` FOREIGN KEY (`house_id`) REFERENCES `house` (`id`);

--
-- Contraintes pour la table `student_type_of_class`
--
ALTER TABLE `student_type_of_class`
  ADD CONSTRAINT `FK_CA5D9F631D822A6A` FOREIGN KEY (`type_of_class_id`) REFERENCES `type_of_class` (`id`) ON DELETE CASCADE,
  ADD CONSTRAINT `FK_CA5D9F63CB944F1A` FOREIGN KEY (`student_id`) REFERENCES `student` (`id`) ON DELETE CASCADE;

--
-- Contraintes pour la table `type_of_class`
--
ALTER TABLE `type_of_class`
  ADD CONSTRAINT `FK_9FC167FD23EDC87` FOREIGN KEY (`subject_id`) REFERENCES `subject` (`id`),
  ADD CONSTRAINT `FK_9FC167FD41807E1D` FOREIGN KEY (`teacher_id`) REFERENCES `teacher` (`id`);

DELIMITER $$
--
-- Évènements
--
DROP EVENT IF EXISTS `add_new_teacher`$$
CREATE DEFINER=`root`@`localhost` EVENT `add_new_teacher` ON SCHEDULE EVERY 1 DAY STARTS '2023-07-12 13:17:48' ON COMPLETION NOT PRESERVE ENABLE DO INSERT INTO teacher VALUES (null, 'Morpheus')$$

DROP EVENT IF EXISTS `update_house_point`$$
CREATE DEFINER=`root`@`localhost` EVENT `update_house_point` ON SCHEDULE EVERY 1 MINUTE STARTS '2023-07-12 13:19:21' ON COMPLETION NOT PRESERVE ENABLE DO UPDATE house_point
    SET house_point.total_point = 5000
    WHERE house_point.year <= 2005$$

DROP EVENT IF EXISTS `add_morpheus`$$
CREATE DEFINER=`root`@`localhost` EVENT `add_morpheus` ON SCHEDULE EVERY 1 DAY STARTS '2023-07-12 16:21:03' ON COMPLETION NOT PRESERVE ENABLE DO INSERT INTO teacher (name) VALUES ("Morpheus")$$

DELIMITER ;
COMMIT;

/*!40101 SET CHARACTER_SET_CLIENT=@OLD_CHARACTER_SET_CLIENT */;
/*!40101 SET CHARACTER_SET_RESULTS=@OLD_CHARACTER_SET_RESULTS */;
/*!40101 SET COLLATION_CONNECTION=@OLD_COLLATION_CONNECTION */;
